date,VOO_close
2025-08-22,593.21
2025-08-21,584.27
2025-08-20,586.58
2025-08-19,588.13
2025-08-18,591.36
2025-08-15,591.57
2025-08-14,592.85
2025-08-13,592.84
2025-08-12,590.78
2025-08-11,584.54
2025-08-08,585.74
2025-08-07,581.29
2025-08-06,581.64
2025-08-05,577.35
2025-08-04,580.14
2025-08-01,571.45
2025-07-31,581.02
2025-07-30,583.21
2025-07-29,583.92
2025-07-28,585.44
2025-07-25,585.58
2025-07-24,583.26
2025-07-23,582.86
2025-07-22,577.95
2025-07-21,577.95
2025-07-18,576.92
2025-07-17,577.18
2025-07-16,573.74
2025-07-15,571.86
2025-07-14,574.35
2025-07-11,573.22
2025-07-10,575.29
2025-07-09,573.61
2025-07-08,570.23
2025-07-07,570.61
2025-07-03,575.22
2025-07-02,570.29
2025-07-01,567.77
2025-06-30,568.03
2025-06-27,566.95
2025-06-26,564.15
2025-06-25,559.72
2025-06-24,559.44
2025-06-23,553.36
2025-06-20,547.72
2025-06-18,549.24
2025-06-17,549.35
2025-06-16,554.07
2025-06-13,548.77
2025-06-12,554.95
2025-06-11,552.86
2025-06-10,554.39
2025-06-09,551.25
2025-06-06,550.66
2025-06-05,545.09
2025-06-04,547.65
2025-06-03,548.0
2025-06-02,544.91
2025-05-30,541.76
2025-05-29,542.32
2025-05-28,540.24
2025-05-27,543.34
2025-05-23,532.4
2025-05-22,536.02
2025-05-21,535.77
2025-05-20,544.88
2025-05-19,546.82
2025-05-16,546.26
2025-05-15,542.76
2025-05-14,540.11
2025-05-13,539.44
2025-05-12,535.92
2025-05-09,518.65
2025-05-08,519.34
2025-05-07,515.9
2025-05-06,513.58
2025-05-05,517.99
2025-05-02,520.71
2025-05-01,513.35
2025-04-30,509.74
2025-04-29,509.49
2025-04-28,506.42
2025-04-25,506.11
2025-04-24,502.41
2025-04-23,492.07
2025-04-22,484.29
2025-04-21,472.37
2025-04-17,483.9
2025-04-16,483.23
2025-04-15,494.09
2025-04-14,495.48
2025-04-11,490.55
2025-04-10,482.06
2025-04-09,499.1
2025-04-08,456.74
2025-04-07,463.56
2025-04-04,465.52
2025-04-03,494.16
2025-04-02,518.91
2025-04-01,515.8
2025-03-31,513.91
2025-03-28,510.8
2025-03-27,521.21
2025-03-26,524.46
2025-03-25,530.65
2025-03-24,529.39
2025-03-21,520.26
2025-03-20,520.13
2025-03-19,521.33
2025-03-18,515.91
2025-03-17,521.41
2025-03-14,517.46
2025-03-13,507.05
2025-03-12,513.76
2025-03-11,511.28
2025-03-10,515.51
2025-03-07,529.51
2025-03-06,526.67
2025-03-05,536.4
2025-03-04,530.45
2025-03-03,536.92
2025-02-28,546.33
2025-02-27,537.97
2025-02-26,546.75
2025-02-25,546.41
2025-02-24,549.14
2025-02-21,551.75
2025-02-20,561.3
2025-02-19,563.67
2025-02-18,562.31
2025-02-14,560.69
2025-02-13,560.67
2025-02-12,554.81
2025-02-11,556.65
2025-02-10,556.15
2025-02-07,552.2
2025-02-06,557.62
2025-02-05,555.62
2025-02-04,553.35
2025-02-03,549.7
2025-01-31,553.33
2025-01-30,556.3
2025-01-29,553.41
2025-01-28,555.85
2025-01-27,551.23
2025-01-24,559.01
2025-01-23,560.7
2025-01-22,557.61
2025-01-21,554.46
2025-01-17,549.46
2025-01-16,544.24
2025-01-15,545.05
2025-01-14,535.26
2025-01-13,534.58
2025-01-10,533.89
2025-01-08,542.14
2025-01-07,541.41
2025-01-06,547.57
2025-01-03,544.4
2025-01-02,537.46
2024-12-31,538.81
2024-12-30,540.99
2024-12-27,547.08
2024-12-26,552.81
2024-12-24,552.82
2024-12-23,547.19
2024-12-20,545.04
2024-12-19,538.94
2024-12-18,539.14
2024-12-17,555.45
2024-12-16,557.79
2024-12-13,555.61
2024-12-12,555.65
2024-12-11,558.53
2024-12-10,554.33
2024-12-09,555.91
2024-12-06,558.82
2024-12-05,557.71
2024-12-04,558.64
2024-12-03,555.14
2024-12-02,555.01
2024-11-29,553.45
2024-11-27,550.55
2024-11-26,552.31
2024-11-25,549.23
2024-11-22,547.47
2024-11-21,545.64
2024-11-20,542.9
2024-11-19,542.7
2024-11-18,540.73
2024-11-15,538.5
2024-11-14,545.54
2024-11-13,549.03
2024-11-12,548.75
2024-11-11,550.4
2024-11-08,549.95
2024-11-07,547.53
2024-11-06,543.3
2024-11-05,530.1
2024-11-04,523.8
2024-11-01,524.94
2024-10-31,522.67
2024-10-30,533.16
2024-10-29,534.77
2024-10-28,533.92
2024-10-25,532.26
2024-10-24,532.47
2024-10-23,531.27
2024-10-22,536.16
2024-10-21,536.53
2024-10-18,537.36
2024-10-17,535.3
2024-10-16,535.22
2024-10-15,532.98
2024-10-14,537.07
2024-10-11,532.71
2024-10-10,529.56
2024-10-09,530.45
2024-10-08,526.85
2024-10-07,521.91
2024-10-04,526.65
2024-10-03,521.84
2024-10-02,522.83
2024-10-01,522.74
2024-09-30,527.67
2024-09-27,525.38
2024-09-26,527.7
2024-09-25,525.61
2024-09-24,526.68
2024-09-23,525.17
2024-09-20,523.88
2024-09-19,524.91
2024-09-18,515.91
2024-09-17,517.59
2024-09-16,517.35
2024-09-13,516.57
2024-09-12,513.84
2024-09-11,509.46
2024-09-10,504.3
2024-09-09,502.23
2024-09-06,496.64
2024-09-05,505.05
2024-09-04,506.3
2024-09-03,507.56
2024-08-30,518.04
2024-08-29,513.21
2024-08-28,513.13
2024-08-27,516.08
2024-08-26,515.39
2024-08-23,516.66
2024-08-22,511.13
2024-08-21,515.3
2024-08-20,513.5
2024-08-19,514.35
2024-08-16,509.45
2024-08-15,508.38
2024-08-14,499.8
2024-08-13,498.21
2024-08-12,490.07
2024-08-09,489.82
2024-08-08,487.73
2024-08-07,476.61
2024-08-06,479.94
2024-08-05,475.2
2024-08-02,489.91
2024-08-01,499.03
2024-07-31,505.93
2024-07-30,498.08
2024-07-29,500.7
2024-07-26,500.33
2024-07-25,494.78
2024-07-24,497.29
2024-07-23,508.94
2024-07-22,509.79
2024-07-19,504.55
2024-07-18,507.94
2024-07-17,511.79
2024-07-16,519.04
2024-07-15,516.11
2024-07-12,514.55
2024-07-11,511.39
2024-07-10,515.81
2024-07-09,510.89
2024-07-08,510.33
2024-07-05,509.84
2024-07-03,506.81
2024-07-02,504.53
2024-07-01,501.28
2024-06-28,500.13
2024-06-27,503.85
2024-06-26,503.07
2024-06-25,502.51
2024-06-24,500.43
2024-06-21,501.78
2024-06-20,502.88
2024-06-18,504.28
2024-06-17,502.94
2024-06-14,498.98
2024-06-13,498.58
2024-06-12,497.64
2024-06-11,493.53
2024-06-10,492.41
2024-06-07,490.8
2024-06-06,491.44
2024-06-05,491.55
2024-06-04,485.74
2024-06-03,485.15
2024-05-31,484.62
2024-05-30,480.44
2024-05-29,483.69
2024-05-28,487.12
2024-05-24,486.73
2024-05-23,483.44
2024-05-22,487.06
2024-05-21,488.48
2024-05-20,487.17
2024-05-17,486.69
2024-05-16,485.97
2024-05-15,486.9
2024-05-14,481.04
2024-05-13,478.77
2024-05-10,478.74
2024-05-09,478.15
2024-05-08,475.42
2024-05-07,475.4
2024-05-06,474.72
2024-05-03,469.98
2024-05-02,464.22
2024-05-01,459.93
2024-04-30,461.43
2024-04-29,468.84
2024-04-26,467.21
2024-04-25,462.58
2024-04-24,464.5
2024-04-23,464.84
2024-04-22,459.05
2024-04-19,455.1
2024-04-18,458.94
2024-04-17,459.99
2024-04-16,462.78
2024-04-15,463.61
2024-04-12,469.57
2024-04-11,476.06
2024-04-10,472.65
2024-04-09,477.27
2024-04-08,476.68
2024-04-05,476.49
2024-04-04,471.48
2024-04-03,477.36
2024-04-02,476.93
2024-04-01,480.07
2024-03-28,480.7
2024-03-27,480.76
2024-03-26,476.6
2024-03-25,477.94
2024-03-22,479.18
2024-03-21,481.35
2024-03-20,479.75
2024-03-19,475.6
2024-03-18,472.95
2024-03-15,470.01
2024-03-14,473.27
2024-03-13,474.31
2024-03-12,475.03
2024-03-11,470.0
2024-03-08,470.39
2024-03-07,473.26
2024-03-06,468.62
2024-03-05,466.15
2024-03-04,470.87
2024-03-01,471.43
2024-02-29,466.93
2024-02-28,465.21
2024-02-27,465.93
2024-02-26,465.07
2024-02-23,466.78
2024-02-22,466.57
2024-02-21,456.97
2024-02-20,456.51
2024-02-16,459.03
2024-02-15,461.39
2024-02-14,458.29
2024-02-13,453.97
2024-02-12,460.46
2024-02-09,460.67
2024-02-08,458.07
2024-02-07,457.76
2024-02-06,454.03
2024-02-05,452.62
2024-02-02,454.28
2024-02-01,449.66
2024-01-31,443.82
2024-01-30,451.17
2024-01-29,451.49
2024-01-26,448.23
2024-01-25,448.5
2024-01-24,445.99
2024-01-23,445.62
2024-01-22,444.3
2024-01-19,443.29
2024-01-18,437.93
2024-01-17,434.07
2024-01-16,436.5
2024-01-12,437.99
2024-01-11,437.79
2024-01-10,437.94
2024-01-09,435.07
2024-01-08,436.13
2024-01-05,429.98
2024-01-04,429.43
2024-01-03,430.79
2024-01-02,434.01
2023-12-29,436.8
2023-12-28,437.97
2023-12-27,437.9
2023-12-26,437.1
2023-12-22,435.29
2023-12-21,434.28
2023-12-20,430.09
2023-12-19,438.19
2023-12-18,435.54
2023-12-15,433.09
2023-12-14,433.75
2023-12-13,432.48
2023-12-12,426.67
2023-12-11,424.56
2023-12-08,422.92
2023-12-07,421.13
2023-12-06,417.86
2023-12-05,419.61
2023-12-04,419.74
2023-12-01,421.86
2023-11-30,419.4
2023-11-29,417.78
2023-11-28,418.05
2023-11-27,417.64
2023-11-24,418.37
2023-11-22,418.14
2023-11-21,416.34
2023-11-20,417.43
2023-11-17,414.31
2023-11-16,413.7
2023-11-15,413.12
2023-11-14,412.22
2023-11-13,404.45
2023-11-10,404.86
2023-11-09,398.64
2023-11-08,401.67
2023-11-07,401.34
2023-11-06,400.21
2023-11-03,399.44
2023-11-02,395.78
2023-11-01,388.4
2023-10-31,384.17
2023-10-30,381.86
2023-10-27,377.32
2023-10-26,379.0
2023-10-25,383.71
2023-10-24,389.2
2023-10-23,386.31
2023-10-20,386.99
2023-10-19,391.87
2023-10-18,395.22
2023-10-17,400.58
2023-10-16,400.57
2023-10-13,396.42
2023-10-12,398.52
2023-10-11,400.93
2023-10-10,399.24
2023-10-09,397.19
2023-10-06,394.56
2023-10-05,389.91
2023-10-04,390.24
2023-10-03,387.39
2023-10-02,392.67
2023-09-29,392.7
2023-09-28,393.64
2023-09-27,392.85
2023-09-26,392.76
2023-09-25,398.61
2023-09-22,396.96
2023-09-21,397.92
2023-09-20,404.55
2023-09-19,408.37
2023-09-18,409.19
2023-09-15,408.74
2023-09-14,413.9
2023-09-13,410.35
2023-09-12,409.87
2023-09-11,412.08
2023-09-08,409.39
2023-09-07,408.83
2023-09-06,410.05
2023-09-05,412.9
2023-09-01,414.71
2023-08-31,413.83
2023-08-30,414.36
2023-08-29,412.64
2023-08-28,406.86
2023-08-25,404.2
2023-08-24,401.54
2023-08-23,406.95
2023-08-22,402.61
2023-08-21,403.74
2023-08-18,401.09
2023-08-17,400.72
2023-08-16,403.99
2023-08-15,407.0
2023-08-14,411.72
2023-08-11,409.41
2023-08-10,409.79
2023-08-09,409.55
2023-08-08,412.29
2023-08-07,414.08
2023-08-04,410.38
2023-08-03,412.4
2023-08-02,413.57
2023-08-01,419.38
2023-07-31,420.68
2023-07-28,419.87
2023-07-27,415.82
2023-07-26,418.66
2023-07-25,418.56
2023-07-24,417.33
2023-07-21,415.57
2023-07-20,415.52
2023-07-19,418.25
2023-07-18,417.35
2023-07-17,414.21
2023-07-14,412.77
2023-07-13,413.1
2023-07-12,409.76
2023-07-11,406.56
2023-07-10,403.97
2023-07-07,402.89
2023-07-06,403.83
2023-07-05,407.15
2023-07-03,408.06
2023-06-30,407.28
2023-06-29,402.51
2023-06-28,402.55
2023-06-27,402.37
2023-06-26,397.96
2023-06-23,399.61
2023-06-22,402.63
2023-06-21,401.17
2023-06-20,403.38
2023-06-16,405.25
2023-06-15,406.75
2023-06-14,401.6
2023-06-13,401.29
2023-06-12,398.66
2023-06-09,395.03
2023-06-08,394.37
2023-06-07,392.02
2023-06-06,393.31
2023-06-05,392.5
2023-06-02,393.26
2023-06-01,387.57
2023-05-31,383.89
2023-05-30,385.99
2023-05-26,385.87
2023-05-25,380.92
2023-05-24,377.63
2023-05-23,380.48
2023-05-22,384.78
2023-05-19,384.57
2023-05-18,385.18
2023-05-17,381.45
2023-05-16,376.95
2023-05-15,379.46
2023-05-12,378.15
2023-05-11,378.66
2023-05-10,379.19
2023-05-09,377.54
2023-05-08,379.18
2023-05-05,378.97
2023-05-04,372.14
2023-05-03,374.88
2023-05-02,377.51
2023-05-01,381.79
2023-04-28,382.05
2023-04-27,378.81
2023-04-26,371.44
2023-04-25,373.1
2023-04-24,379.09
2023-04-21,378.59
2023-04-20,378.37
2023-04-19,380.52
2023-04-18,380.54
2023-04-17,380.28
2023-04-14,378.99
2023-04-13,379.77
2023-04-12,374.91
2023-04-11,376.41
2023-04-10,376.36
2023-04-06,375.95
2023-04-05,374.52
2023-04-04,375.43
2023-04-03,377.56
2023-03-31,376.07
2023-03-30,370.89
2023-03-29,368.69
2023-03-28,363.52
2023-03-27,364.16
2023-03-24,363.56
2023-03-23,362.64
2023-03-22,361.78
2023-03-21,367.88
2023-03-20,363.13
2023-03-17,359.88
2023-03-16,363.86
2023-03-15,357.74
2023-03-14,359.96
2023-03-13,354.08
2023-03-10,354.68
2023-03-09,359.84
2023-03-08,366.55
2023-03-07,365.98
2023-03-06,371.73
2023-03-03,371.28
2023-03-02,365.49
2023-03-01,362.78
2023-02-28,364.11
2023-02-27,365.49
2023-02-24,364.23
2023-02-23,368.17
2023-02-22,366.33
2023-02-21,366.79
2023-02-17,374.22
2023-02-16,375.19
2023-02-15,380.48
2023-02-14,379.21
2023-02-13,379.35
2023-02-10,375.02
2023-02-09,374.11
2023-02-08,377.34
2023-02-07,381.52
2023-02-06,376.66
2023-02-03,378.85
2023-02-02,382.94
2023-02-01,377.53
2023-01-31,373.44
2023-01-30,368.21
2023-01-27,372.87
2023-01-26,371.81
2023-01-25,367.88
2023-01-24,367.75
2023-01-23,368.14
2023-01-20,363.71
2023-01-19,357.14
2023-01-18,359.73
2023-01-17,365.67
2023-01-13,366.23
2023-01-12,364.81
2023-01-11,363.45
2023-01-10,358.87
2023-01-09,356.33
2023-01-06,356.59
2023-01-05,348.66
2023-01-04,352.51
2023-01-03,349.99
2022-12-30,351.34
2022-12-29,352.31
2022-12-28,346.17
2022-12-27,350.47
2022-12-23,351.87
2022-12-22,349.91
2022-12-21,354.9
2022-12-20,349.67
2022-12-19,350.81
2022-12-16,353.86
2022-12-15,358.13
2022-12-14,367.16
2022-12-13,369.39
2022-12-12,366.68
2022-12-09,361.52
2022-12-08,364.18
2022-12-07,361.33
2022-12-06,362.03
2022-12-05,367.34
2022-12-02,374.0
2022-12-01,374.54
2022-11-30,374.49
2022-11-29,363.31
2022-11-28,363.95
2022-11-25,369.8
2022-11-23,369.84
2022-11-22,367.54
2022-11-21,362.71
2022-11-18,363.99
2022-11-17,362.39
2022-11-16,363.44
2022-11-15,366.22
2022-11-14,363.22
2022-11-11,366.16
2022-11-10,362.69
2022-11-09,343.87
2022-11-08,351.04
2022-11-07,349.14
2022-11-04,345.82
2022-11-03,340.83
2022-11-02,344.5
2022-11-01,353.52
2022-10-31,354.95
2022-10-28,357.38
2022-10-27,349.23
2022-10-26,351.11
2022-10-25,353.75
2022-10-24,348.09
2022-10-21,343.9
2022-10-20,335.83
2022-10-19,338.61
2022-10-18,340.97
2022-10-17,337.0
2022-10-14,328.65
2022-10-13,336.22
2022-10-12,327.64
2022-10-11,328.66
2022-10-10,330.84
2022-10-07,333.33
2022-10-06,342.96
2022-10-05,346.61
2022-10-04,347.21
2022-10-03,336.98
2022-09-30,328.3
2022-09-29,333.38
2022-09-28,340.48
2022-09-27,335.39
2022-09-26,336.34
2022-09-23,339.63
2022-09-22,345.37
2022-09-21,348.31
2022-09-20,354.55
2022-09-19,358.59
2022-09-16,355.86
2022-09-15,358.68
2022-09-14,362.73
2022-09-13,361.38
2022-09-12,377.86
2022-09-09,373.75
2022-09-08,368.07
2022-09-07,365.68
2022-09-06,359.24
2022-09-02,360.45
2022-09-01,364.27
2022-08-31,363.15
2022-08-30,366.03
2022-08-29,370.05
2022-08-26,372.51
2022-08-25,385.73
2022-08-24,380.19
2022-08-23,379.04
2022-08-22,379.94
2022-08-19,388.12
2022-08-18,393.55
2022-08-17,392.34
2022-08-16,395.04
2022-08-15,394.35
2022-08-12,392.67
2022-08-11,386.06
2022-08-10,386.06
2022-08-09,378.14
2022-08-08,379.64
2022-08-05,379.98
2022-08-04,380.77
2022-08-03,381.07
2022-08-02,375.21
2022-08-01,377.65
2022-07-29,378.79
2022-07-28,373.32
2022-07-27,368.66
2022-07-26,359.25
2022-07-25,363.61
2022-07-22,363.25
2022-07-21,366.59
2022-07-20,362.92
2022-07-19,360.61
2022-07-18,351.08
2022-07-15,354.01
2022-07-14,347.44
2022-07-13,348.36
2022-07-12,349.99
2022-07-11,353.25
2022-07-08,357.29
2022-07-07,357.5
2022-07-06,352.33
2022-07-05,351.06
2022-07-01,350.44
2022-06-30,346.88
2022-06-29,349.64
2022-06-28,350.9
2022-06-27,358.65
2022-06-24,360.0
2022-06-23,349.13
2022-06-22,345.5
2022-06-21,346.23
2022-06-17,337.95
2022-06-16,337.07
2022-06-15,348.52
2022-06-14,343.6
2022-06-13,344.46
2022-06-10,358.27
2022-06-09,369.1
2022-06-08,377.99
2022-06-07,382.17
2022-06-06,378.47
2022-06-03,377.44
2022-06-02,383.65
2022-06-01,376.5
2022-05-31,379.68
2022-05-27,381.8
2022-05-26,372.46
2022-05-25,365.2
2022-05-24,362.18
2022-05-23,364.81
2022-05-20,358.02
2022-05-19,357.93
2022-05-18,360.34
2022-05-17,375.2
2022-05-16,367.84
2022-05-13,369.16
2022-05-12,360.65
2022-05-11,360.93
2022-05-10,366.84
2022-05-09,365.9
2022-05-06,378.1
2022-05-05,380.49
2022-05-04,394.34
2022-05-03,382.73
2022-05-02,381.08
2022-04-29,378.7
2022-04-28,393.14
2022-04-27,383.53
2022-04-26,382.54
2022-04-25,393.8
2022-04-22,391.66
2022-04-21,402.65
2022-04-20,408.71
2022-04-19,409.02
2022-04-18,402.59
2022-04-14,402.52
2022-04-13,407.47
2022-04-12,402.92
2022-04-11,404.4
2022-04-08,411.53
2022-04-07,412.53
2022-04-06,410.46
2022-04-05,414.66
2022-04-04,419.85
2022-04-01,416.32
2022-03-31,415.17
2022-03-30,421.65
2022-03-29,424.29
2022-03-28,418.99
2022-03-25,416.12
2022-03-24,414.02
2022-03-23,409.33
2022-03-22,414.67
2022-03-21,409.91
2022-03-18,409.89
2022-03-17,405.41
2022-03-16,400.51
2022-03-15,391.75
2022-03-14,383.34
2022-03-11,386.16
2022-03-10,391.15
2022-03-09,392.9
2022-03-08,382.7
2022-03-07,385.61
2022-03-04,397.34
2022-03-03,400.58
2022-03-02,402.6
2022-03-01,395.34
2022-02-28,401.36
2022-02-25,402.37
2022-02-24,393.77
2022-02-23,387.81
2022-02-22,394.92
2022-02-18,399.29
2022-02-17,401.86
2022-02-16,410.59
2022-02-15,410.1
2022-02-14,403.62
2022-02-11,404.94
2022-02-10,413.18
2022-02-09,420.57
2022-02-08,414.49
2022-02-07,411.16
2022-02-04,412.52
2022-02-03,410.59
2022-02-02,420.36
2022-02-01,416.39
2022-01-31,413.69
2022-01-28,406.26
2022-01-27,396.54
2022-01-26,398.56
2022-01-25,399.46
2022-01-24,404.37
2022-01-21,402.69
2022-01-20,410.76
2022-01-19,415.33
2022-01-18,419.74
2022-01-14,427.23
2022-01-13,427.1
2022-01-12,433.07
2022-01-11,431.78
2022-01-10,428.03
2022-01-07,428.59
2022-01-06,430.08
2022-01-05,430.66
2022-01-04,439.07
2022-01-03,439.25
2021-12-31,436.57
2021-12-30,437.77
2021-12-29,439.01
2021-12-28,438.48
2021-12-27,438.81
2021-12-23,432.64
2021-12-22,429.99
2021-12-21,425.69
2021-12-20,419.8
2021-12-17,424.39
2021-12-16,428.84
2021-12-15,432.75
2021-12-14,426.09
2021-12-13,429.01
2021-12-10,432.85
2021-12-09,428.76
2021-12-08,431.7
2021-12-07,430.49
2021-12-06,421.82
2021-12-03,416.84
2021-12-02,420.56
2021-12-01,414.24
2021-11-30,419.06
2021-11-29,427.24
2021-11-26,422.14
2021-11-24,431.53
2021-11-23,430.47
2021-11-22,429.91
2021-11-19,431.05
2021-11-18,431.86
2021-11-17,430.37
2021-11-16,431.41
2021-11-15,429.77
2021-11-12,429.57
2021-11-11,426.4
2021-11-10,426.26
2021-11-09,429.72
2021-11-08,431.23
2021-11-05,430.71
2021-11-04,429.25
2021-11-03,427.25
2021-11-02,424.69
2021-11-01,423.05
2021-10-29,422.16
2021-10-28,421.41
2021-10-27,417.33
2021-10-26,419.15
2021-10-25,418.75
2021-10-22,416.59
2021-10-21,417.01
2021-10-20,415.99
2021-10-19,414.38
2021-10-18,411.18
2021-10-15,409.93
2021-10-14,406.76
2021-10-13,400.04
2021-10-12,398.76
2021-10-11,399.56
2021-10-08,402.49
2021-10-07,403.25
2021-10-06,399.81
2021-10-05,398.04
2021-10-04,394.21
2021-10-01,399.12
2021-09-30,394.4
2021-09-29,399.46
2021-09-28,400.14
2021-09-27,408.3
2021-09-24,409.46
2021-09-23,408.78
2021-09-22,403.9
2021-09-21,400.04
2021-09-20,400.43
2021-09-17,407.08
2021-09-16,411.11
2021-09-15,411.82
2021-09-14,408.41
2021-09-13,410.54
2021-09-10,409.58
2021-09-09,412.77
2021-09-08,414.63
2021-09-07,415.03
2021-09-03,416.57
2021-09-02,416.73
2021-09-01,415.49
2021-08-31,415.05
2021-08-30,415.76
2021-08-27,413.86
2021-08-26,410.22
2021-08-25,412.63
2021-08-24,411.87
2021-08-23,411.22
2021-08-20,407.61
2021-08-19,404.41
2021-08-18,403.84
2021-08-17,408.23
2021-08-16,410.94
2021-08-13,409.96
2021-08-12,409.15
2021-08-11,407.96
2021-08-10,406.98
2021-08-09,406.47
2021-08-06,406.86
2021-08-05,406.16
2021-08-04,403.64
2021-08-03,405.58
2021-08-02,402.33
2021-07-30,403.15
2021-07-29,405.13
2021-07-28,403.39
2021-07-27,403.61
2021-07-26,405.41
2021-07-23,404.38
2021-07-22,400.38
2021-07-21,399.53
2021-07-20,396.2
2021-07-19,390.68
2021-07-16,396.61
2021-07-15,399.72
2021-07-14,401.01
2021-07-13,400.46
2021-07-12,401.82
2021-07-09,400.37
2021-07-08,396.19
2021-07-07,399.37
2021-07-06,398.0
2021-07-02,398.75
2021-07-01,395.74
2021-06-30,393.52
2021-06-29,393.16
2021-06-28,394.32
2021-06-25,393.5
2021-06-24,392.05
2021-06-23,389.82
2021-06-22,390.24
2021-06-21,388.18
2021-06-18,382.82
2021-06-17,387.97
2021-06-16,388.11
2021-06-15,390.25
2021-06-14,391.07
2021-06-11,390.09
2021-06-10,389.41
2021-06-09,387.62
2021-06-08,388.23
2021-06-07,388.17
2021-06-04,388.5
2021-06-03,385.01
2021-06-02,386.48
2021-06-01,385.83
2021-05-28,386.13
2021-05-27,385.38
2021-05-26,385.21
2021-05-25,384.51
2021-05-24,385.32
2021-05-21,381.47
2021-05-20,381.76
2021-05-19,377.73
2021-05-18,378.73
2021-05-17,382.03
2021-05-14,382.95
2021-05-13,377.16
2021-05-12,372.73
2021-05-11,380.86
2021-05-10,384.23
2021-05-07,388.03
2021-05-06,385.28
2021-05-05,382.17
2021-05-04,382.1
2021-05-03,384.44
2021-04-30,383.57
2021-04-29,386.12
2021-04-28,383.56
2021-04-27,383.74
2021-04-26,383.86
2021-04-23,383.03
2021-04-22,378.99
2021-04-21,382.5
2021-04-20,378.94
2021-04-19,381.74
2021-04-16,383.63
2021-04-15,382.29
2021-04-14,378.23
2021-04-13,379.45
2021-04-12,378.42
2021-04-09,378.25
2021-04-08,375.55
2021-04-07,373.73
2021-04-06,373.26
2021-04-05,373.47
2021-04-01,368.16
2021-03-31,364.3
2021-03-30,362.86
2021-03-29,363.79
2021-03-26,364.01
2021-03-25,359.43
2021-03-24,357.42
2021-03-23,359.41
2021-03-22,362.07
2021-03-19,359.23
2021-03-18,359.87
2021-03-17,365.24
2021-03-16,364.05
2021-03-15,364.46
2021-03-12,362.36
2021-03-11,361.85
2021-03-10,358.07
2021-03-09,355.87
2021-03-08,350.96
2021-03-05,352.69
2021-03-04,346.34
2021-03-03,350.66
2021-03-02,355.35
2021-03-01,358.12
2021-02-26,349.59
2021-02-25,351.52
2021-02-24,360.16
2021-02-23,356.22
2021-02-22,355.77
2021-02-19,358.59
2021-02-18,359.25
2021-02-17,360.79
2021-02-16,360.71
2021-02-12,361.05
2021-02-11,359.22
2021-02-10,358.64
2021-02-09,358.78
2021-02-08,359.07
2021-02-05,356.44
2021-02-04,355.02
2021-02-03,351.09
2021-02-02,350.74
2021-02-01,345.77
2021-01-29,340.18
2021-01-28,347.13
2021-01-27,344.24
2021-01-26,352.8
2021-01-25,353.33
2021-01-22,351.9
2021-01-21,353.16
2021-01-20,352.83
2021-01-19,348.1
2021-01-15,345.37
2021-01-14,347.85
2021-01-13,349.03
2021-01-12,348.16
2021-01-11,348.13
2021-01-08,350.42
2021-01-07,348.46
2021-01-06,343.33
2021-01-05,341.26
2021-01-04,339.03
2020-12-31,343.69
2020-12-30,341.85
2020-12-29,341.39
2020-12-28,342.11
2020-12-24,339.16
2020-12-23,337.81
2020-12-22,337.54
2020-12-21,339.59
2020-12-18,340.64
2020-12-17,342.01
2020-12-16,340.16
2020-12-15,339.64
2020-12-14,335.01
2020-12-11,336.55
2020-12-10,336.98
2020-12-09,337.14
2020-12-08,340.16
2020-12-07,339.18
2020-12-04,339.81
2020-12-03,336.91
2020-12-02,337.01
2020-12-01,336.3
2020-11-30,332.64
2020-11-27,334.14
2020-11-25,333.19
2020-11-24,333.74
2020-11-23,328.42
2020-11-20,326.49
2020-11-19,328.69
2020-11-18,327.32
2020-11-17,331.34
2020-11-16,333.0
2020-11-13,329.01
2020-11-12,324.6
2020-11-11,327.63
2020-11-10,325.34
2020-11-09,325.76
2020-11-06,321.75
2020-11-05,321.79
2020-11-04,315.61
2020-11-03,308.66
2020-11-02,303.31
2020-10-30,299.82
2020-10-29,303.23
2020-10-28,300.07
2020-10-27,310.77
2020-10-26,311.8
2020-10-23,317.65
2020-10-22,316.57
2020-10-21,314.84
2020-10-20,315.41
2020-10-19,314.17
2020-10-16,318.99
2020-10-15,319.26
2020-10-14,319.64
2020-10-13,321.65
2020-10-12,323.72
2020-10-09,318.58
2020-10-08,315.77
2020-10-07,313.0
2020-10-06,307.72
2020-10-05,312.08
2020-10-02,306.72
2020-10-01,309.6
2020-09-30,307.65
2020-09-29,305.3
2020-09-28,308.36
2020-09-25,303.28
2020-09-24,298.5
2020-09-23,297.68
2020-09-22,304.74
2020-09-21,301.69
2020-09-18,305.0
2020-09-17,308.59
2020-09-16,311.31
2020-09-15,312.57
2020-09-14,310.97
2020-09-11,306.98
2020-09-10,306.75
2020-09-09,312.21
2020-09-08,306.17
2020-09-04,314.82
2020-09-03,317.36
2020-09-02,328.74
2020-09-01,324.02
2020-08-31,321.02
2020-08-28,322.15
2020-08-27,320.07
2020-08-26,319.43
2020-08-25,316.2
2020-08-24,315.1
2020-08-21,311.93
2020-08-20,310.82
2020-08-19,309.84
2020-08-18,311.16
2020-08-17,310.51
2020-08-14,309.51
2020-08-13,309.51
2020-08-12,310.04
2020-08-11,305.85
2020-08-10,308.34
2020-08-07,307.36
2020-08-06,307.2
2020-08-05,305.15
2020-08-04,303.26
2020-08-03,301.99
2020-07-31,300.1
2020-07-30,297.61
2020-07-29,298.7
2020-07-28,295.13
2020-07-27,296.97
2020-07-24,294.82
2020-07-23,296.74
2020-07-22,300.33
2020-07-21,298.63
2020-07-20,298.01
2020-07-17,295.55
2020-07-16,294.77
2020-07-15,295.63
2020-07-14,293.03
2020-07-13,289.16
2020-07-10,291.8
2020-07-09,288.9
2020-07-08,290.38
2020-07-07,288.24
2020-07-06,291.26
2020-07-02,286.81
2020-07-01,285.37
2020-06-30,283.43
2020-06-29,279.7
2020-06-26,277.11
2020-06-25,283.76
2020-06-24,280.79
2020-06-23,288.16
2020-06-22,286.86
2020-06-19,284.97
2020-06-18,286.66
2020-06-17,286.4
2020-06-16,287.72
2020-06-15,282.2
2020-06-12,279.65
2020-06-11,276.32
2020-06-10,293.22
2020-06-09,295.06
2020-06-08,297.17
2020-06-05,293.61
2020-06-04,286.29
2020-06-03,287.02
2020-06-02,283.28
2020-06-01,280.97
2020-05-29,279.75
2020-05-28,278.5
2020-05-27,279.05
2020-05-26,275.04
2020-05-22,271.55
2020-05-21,270.94
2020-05-20,272.9
2020-05-19,268.52
2020-05-18,271.08
2020-05-15,263.04
2020-05-14,261.86
2020-05-13,258.74
2020-05-12,263.41
2020-05-11,268.82
2020-05-08,268.78
2020-05-07,264.36
2020-05-06,261.27
2020-05-05,263.04
2020-05-04,260.64
2020-05-01,259.82
2020-04-30,267.1
2020-04-29,269.45
2020-04-28,262.68
2020-04-27,263.9
2020-04-24,260.14
2020-04-23,256.42
2020-04-22,256.47
2020-04-21,250.95
2020-04-20,258.86
2020-04-17,263.61
2020-04-16,256.53
2020-04-15,255.24
2020-04-14,260.92
2020-04-13,253.19
2020-04-09,255.67
2020-04-08,251.93
2020-04-07,243.66
2020-04-06,243.53
2020-04-03,228.02
2020-04-02,231.44
2020-04-01,226.15
2020-03-31,236.82
2020-03-30,240.39
2020-03-27,232.86
2020-03-26,240.24
2020-03-25,226.62
2020-03-24,223.75
2020-03-23,204.27
2020-03-20,210.74
2020-03-19,220.34
2020-03-18,220.15
2020-03-17,232.88
2020-03-16,218.57
2020-03-13,247.64
2020-03-12,226.48
2020-03-11,250.73
2020-03-10,263.81
2020-03-09,252.11
2020-03-06,273.19
2020-03-05,277.85
2020-03-04,287.48
2020-03-03,276.04
2020-03-02,283.87
2020-02-28,271.74
2020-02-27,273.39
2020-02-26,286.07
2020-02-25,287.34
2020-02-24,296.24
2020-02-21,306.49
2020-02-20,309.7
2020-02-19,310.92
2020-02-18,309.43
2020-02-14,310.28
2020-02-13,309.76
2020-02-12,310.06
2020-02-11,308.08
2020-02-10,307.52
2020-02-07,305.33
2020-02-06,306.89
2020-02-05,305.85
2020-02-04,302.43
2020-02-03,297.84
2020-01-31,295.69
2020-01-30,301.09
2020-01-29,300.15
2020-01-28,300.45
2020-01-27,297.23
2020-01-24,302.03
2020-01-23,304.81
2020-01-22,304.51
2020-01-21,304.43
2020-01-17,305.06
2020-01-16,304.03
2020-01-15,301.51
2020-01-14,300.84
2020-01-13,301.24
2020-01-10,299.26
2020-01-09,300.12
2020-01-08,298.06
2020-01-07,296.53
2020-01-06,297.35
2020-01-03,296.24
2020-01-02,298.42
2019-12-31,295.8
2019-12-30,295.04
2019-12-27,296.67
2019-12-26,296.67
2019-12-24,295.16
2019-12-23,295.16
2019-12-20,296.3
2019-12-19,294.8
2019-12-18,293.58
2019-12-17,293.56
2019-12-16,293.5
2019-12-13,291.44
2019-12-12,291.33
2019-12-11,288.79
2019-12-10,288.04
2019-12-09,288.31
2019-12-06,289.19
2019-12-05,286.64
2019-12-04,286.11
2019-12-03,284.29
2019-12-02,286.3
2019-11-29,288.65
2019-11-27,289.76
2019-11-26,288.4
2019-11-25,287.82
2019-11-22,285.65
2019-11-21,285.02
2019-11-20,285.46
2019-11-19,286.47
2019-11-18,286.61
2019-11-15,286.43
2019-11-14,284.31
2019-11-13,283.93
2019-11-12,283.81
2019-11-11,283.25
2019-11-08,283.8
2019-11-07,283.11
2019-11-06,282.11
2019-11-05,281.96
2019-11-04,282.32
2019-11-01,281.2
2019-10-31,278.55
2019-10-30,279.45
2019-10-29,278.47
2019-10-28,278.65
2019-10-25,277.04
2019-10-24,275.89
2019-10-23,275.44
2019-10-22,274.63
2019-10-21,275.6
2019-10-18,273.69
2019-10-17,274.82
2019-10-16,274.08
2019-10-15,274.51
2019-10-14,271.88
2019-10-11,272.13
2019-10-10,269.32
2019-10-09,267.5
2019-10-08,265.03
2019-10-07,269.21
2019-10-04,270.37
2019-10-03,266.67
2019-10-02,264.57
2019-10-01,269.32
2019-09-30,272.6
2019-09-27,271.26
2019-09-26,272.79
2019-09-25,274.63
2019-09-24,272.96
2019-09-23,275.24
2019-09-20,275.05
2019-09-19,276.53
2019-09-18,276.59
2019-09-17,276.42
2019-09-16,275.67
2019-09-13,276.58
2019-09-12,276.65
2019-09-11,275.84
2019-09-10,273.87
2019-09-09,273.81
2019-09-06,273.74
2019-09-05,273.54
2019-09-04,269.97
2019-09-03,267.11
2019-08-30,268.6
2019-08-29,268.71
2019-08-28,265.26
2019-08-27,263.43
2019-08-26,264.47
2019-08-23,261.57
2019-08-22,268.46
2019-08-21,268.56
2019-08-20,266.4
2019-08-19,268.48
2019-08-16,265.22
2019-08-15,261.39
2019-08-14,260.57
2019-08-13,268.66
2019-08-12,264.56
2019-08-09,267.7
2019-08-08,269.58
2019-08-07,264.42
2019-08-06,264.24
2019-08-05,260.88
2019-08-02,268.81
2019-08-01,270.79
2019-07-31,273.08
2019-07-30,276.21
2019-07-29,276.88
2019-07-26,277.38
2019-07-25,275.41
2019-07-24,276.76
2019-07-23,275.49
2019-07-22,273.61
2019-07-19,272.95
2019-07-18,274.42
2019-07-17,273.42
2019-07-16,275.28
2019-07-15,276.18
2019-07-12,276.11
2019-07-11,274.76
2019-07-10,274.21
2019-07-09,272.94
2019-07-08,272.6
2019-07-05,273.97
2019-07-03,274.32
2019-07-02,272.23
2019-07-01,271.44
2019-06-28,269.15
2019-06-27,267.67
2019-06-26,268.12
2019-06-25,268.38
2019-06-24,271.06
2019-06-21,271.41
2019-06-20,271.73
2019-06-19,269.22
2019-06-18,268.51
2019-06-17,265.86
2019-06-14,265.62
2019-06-13,266.02
2019-06-12,264.84
2019-06-11,265.34
2019-06-10,265.39
2019-06-07,264.15
2019-06-06,261.54
2019-06-05,259.85
2019-06-04,257.67
2019-06-03,252.12
2019-05-31,252.87
2019-05-30,256.3
2019-05-29,255.59
2019-05-28,257.36
2019-05-24,259.69
2019-05-23,259.24
2019-05-22,262.31
2019-05-21,263.03
2019-05-20,260.82
2019-05-17,262.61
2019-05-16,264.21
2019-05-15,261.81
2019-05-14,260.27
2019-05-13,258.03
2019-05-10,264.52
2019-05-09,263.29
2019-05-08,264.1
2019-05-07,264.62
2019-05-06,268.98
2019-05-03,270.05
2019-05-02,267.51
2019-05-01,268.04
2019-04-30,270.01
2019-04-29,269.84
2019-04-26,269.5
2019-04-25,268.27
2019-04-24,268.37
2019-04-23,268.9
2019-04-22,266.6
2019-04-18,266.34
2019-04-17,265.84
2019-04-16,266.49
2019-04-15,266.3
2019-04-12,266.48
2019-04-11,264.69
2019-04-10,264.74
2019-04-09,263.83
2019-04-08,265.24
2019-04-05,265.01
2019-04-04,263.74
2019-04-03,263.11
2019-04-02,262.62
2019-04-01,262.53
2019-03-29,259.54
2019-03-28,257.88
2019-03-27,256.88
2019-03-26,258.08
2019-03-25,256.23
2019-03-22,256.46
2019-03-21,261.43
2019-03-20,259.93
2019-03-19,260.86
2019-03-18,260.78
2019-03-15,259.85
2019-03-14,258.59
2019-03-13,258.68
2019-03-12,256.93
2019-03-11,256.02
2019-03-08,252.34
2019-03-07,252.85
2019-03-06,254.9
2019-03-05,256.54
2019-03-04,256.84
2019-03-01,257.83
2019-02-28,256.07
2019-02-27,256.67
2019-02-26,256.8
2019-02-25,256.99
2019-02-22,256.61
2019-02-21,255.08
2019-02-20,256.01
2019-02-19,255.42
2019-02-15,254.98
2019-02-14,252.2
2019-02-13,252.76
2019-02-12,252.0
2019-02-11,248.78
2019-02-08,248.65
2019-02-07,248.33
2019-02-06,250.79
2019-02-05,251.1
2019-02-04,249.99
2019-02-01,248.22
2019-01-31,248.01
2019-01-30,245.96
2019-01-29,242.13
2019-01-28,242.43
2019-01-25,244.32
2019-01-24,242.26
2019-01-23,242.02
2019-01-22,241.66
2019-01-18,244.92
2019-01-17,241.67
2019-01-16,239.88
2019-01-15,239.35
2019-01-14,236.58
2019-01-11,237.89
2019-01-10,238.0
2019-01-09,237.01
2019-01-08,235.92
2019-01-07,233.65
2019-01-04,231.91
2019-01-03,224.5
2019-01-02,229.99
2018-12-31,229.81
2018-12-28,227.76
2018-12-27,228.05
2018-12-26,225.95
2018-12-24,215.07
2018-12-21,221.16
2018-12-20,225.65
2018-12-19,229.42
2018-12-18,233.14
2018-12-17,233.23
2018-12-14,239.38
2018-12-13,243.88
2018-12-12,243.96
2018-12-11,242.62
2018-12-10,242.55
2018-12-07,242.26
2018-12-06,248.02
2018-12-04,248.65
2018-12-03,256.61
2018-11-30,253.48
2018-11-29,251.81
2018-11-28,252.33
2018-11-27,246.57
2018-11-26,245.8
2018-11-23,242.01
2018-11-21,243.58
2018-11-20,242.77
2018-11-19,247.32
2018-11-16,251.49
2018-11-15,250.85
2018-11-14,248.28
2018-11-13,249.99
2018-11-12,250.41
2018-11-09,255.34
2018-11-08,257.72
2018-11-07,258.16
2018-11-06,252.82
2018-11-05,251.23
2018-11-02,249.81
2018-11-01,251.37
2018-10-31,248.79
2018-10-30,246.21
2018-10-29,242.5
2018-10-26,243.76
2018-10-25,248.15
2018-10-24,243.78
2018-10-23,251.28
2018-10-22,252.8
2018-10-19,253.85
2018-10-18,254.05
2018-10-17,257.67
2018-10-16,257.58
2018-10-15,252.21
2018-10-12,253.6
2018-10-11,250.22
2018-10-10,255.6
2018-10-09,264.13
2018-10-08,264.47
2018-10-05,264.54
2018-10-04,266.04
2018-10-03,268.24
2018-10-02,268.01
2018-10-01,268.04
2018-09-28,267.05
2018-09-27,267.08
2018-09-26,266.34
2018-09-25,268.33
2018-09-24,268.66
2018-09-21,269.56
2018-09-20,269.75
2018-09-19,267.6
2018-09-18,267.3
2018-09-17,265.85
2018-09-14,267.36
2018-09-13,267.22
2018-09-12,265.71
2018-09-11,265.68
2018-09-10,264.68
2018-09-07,264.18
2018-09-06,264.82
2018-09-05,265.6
2018-09-04,266.35
2018-08-31,266.72
2018-08-30,266.71
2018-08-29,267.8
2018-08-28,266.34
2018-08-27,266.19
2018-08-24,264.2
2018-08-23,262.55
2018-08-22,262.93
2018-08-21,263.01
2018-08-20,262.44
2018-08-17,261.86
2018-08-16,260.99
2018-08-15,258.89
2018-08-14,260.81
2018-08-13,259.14
2018-08-10,260.12
2018-08-09,261.9
2018-08-08,262.23
2018-08-07,262.37
2018-08-06,261.64
2018-08-03,260.66
2018-08-02,259.39
2018-08-01,258.08
2018-07-31,258.4
2018-07-30,257.1
2018-07-27,258.59
2018-07-26,260.28
2018-07-25,261.05
2018-07-24,258.68
2018-07-23,257.47
2018-07-20,256.98
2018-07-19,257.22
2018-07-18,258.2
2018-07-17,257.73
2018-07-16,256.63
2018-07-13,256.79
2018-07-12,256.57
2018-07-11,254.39
2018-07-10,256.14
2018-07-09,255.25
2018-07-06,253.01
2018-07-05,250.92
2018-07-03,248.79
2018-07-02,249.8
2018-06-29,249.51
2018-06-28,248.88
2018-06-27,248.53
2018-06-26,250.61
2018-06-25,250.06
2018-06-22,253.57
2018-06-21,253.12
2018-06-20,254.71
2018-06-19,254.25
2018-06-18,255.22
2018-06-15,255.83
2018-06-14,256.05
2018-06-13,255.31
2018-06-12,256.33
2018-06-11,255.9
2018-06-08,255.57
2018-06-07,254.77
2018-06-06,254.89
2018-06-05,252.87
2018-06-04,252.52
2018-06-01,251.41
2018-05-31,248.79
2018-05-30,250.41
2018-05-29,247.15
2018-05-25,250.04
2018-05-24,250.67
2018-05-23,251.15
2018-05-22,250.37
2018-05-21,251.09
2018-05-18,249.26
2018-05-17,249.88
2018-05-16,250.09
2018-05-15,249.03
2018-05-14,250.75
2018-05-11,250.47
2018-05-10,249.86
2018-05-09,247.54
2018-05-08,245.16
2018-05-07,245.17
2018-05-04,244.41
2018-05-03,241.21
2018-05-02,241.78
2018-05-01,243.44
2018-04-30,242.92
2018-04-27,244.92
2018-04-26,244.66
2018-04-25,242.17
2018-04-24,241.55
2018-04-23,244.89
2018-04-20,245.0
2018-04-19,247.0
2018-04-18,248.36
2018-04-17,248.22
2018-04-16,245.58
2018-04-13,243.6
2018-04-12,244.28
2018-04-11,242.25
2018-04-10,243.54
2018-04-09,239.59
2018-04-06,238.62
2018-04-05,243.99
2018-04-04,242.24
2018-04-03,239.48
2018-04-02,236.48
2018-03-29,242.08
2018-03-28,238.64
2018-03-27,239.31
2018-03-26,243.53
2018-03-23,238.09
2018-03-22,243.27
2018-03-21,249.47
2018-03-20,250.05
2018-03-19,249.61
2018-03-16,252.99
2018-03-15,252.73
2018-03-14,252.97
2018-03-13,254.31
2018-03-12,256.0
2018-03-09,256.25
2018-03-08,251.89
2018-03-07,250.72
2018-03-06,250.83
2018-03-05,250.2
2018-03-02,247.36
2018-03-01,246.05
2018-02-28,249.34
2018-02-27,252.14
2018-02-26,255.4
2018-02-23,252.49
2018-02-22,248.41
2018-02-21,248.11
2018-02-20,249.42
2018-02-16,250.94
2018-02-15,250.97
2018-02-14,247.76
2018-02-13,244.56
2018-02-12,243.74
2018-02-09,240.44
2018-02-08,236.79
2018-02-07,245.93
2018-02-06,247.28
2018-02-05,242.79
2018-02-02,253.19
2018-02-01,258.73
2018-01-31,258.99
2018-01-30,258.75
2018-01-29,261.54
2018-01-26,263.36
2018-01-25,260.33
2018-01-24,260.21
2018-01-23,260.34
2018-01-22,259.75
2018-01-19,257.68
2018-01-18,256.59
2018-01-17,256.94
2018-01-16,254.48
2018-01-12,255.41
2018-01-11,253.73
2018-01-10,251.87
2018-01-09,252.3
2018-01-08,251.77
2018-01-05,251.25
2018-01-04,249.65
2018-01-03,248.56
2018-01-02,247.09
2017-12-29,245.29
2017-12-28,246.14
2017-12-27,245.68
2017-12-26,245.54
2017-12-22,247.01
2017-12-21,247.06
2017-12-20,246.56
2017-12-19,246.75
2017-12-18,247.65
2017-12-15,246.12
2017-12-14,244.07
2017-12-13,245.04
2017-12-12,245.1
2017-12-11,244.68
2017-12-08,243.89
2017-12-07,242.57
2017-12-06,241.77
2017-12-05,241.78
2017-12-04,242.64
2017-12-01,242.9
2017-11-30,243.35
2017-11-29,241.33
2017-11-28,241.42
2017-11-27,239.05
2017-11-24,239.12
2017-11-22,238.62
2017-11-21,238.79
2017-11-20,237.21
2017-11-17,236.9
2017-11-16,237.54
2017-11-15,235.53
2017-11-14,236.74
2017-11-13,237.32
2017-11-10,237.04
2017-11-09,237.18
2017-11-08,238.04
2017-11-07,237.69
2017-11-06,237.79
2017-11-03,237.43
2017-11-02,236.64
2017-11-01,236.54
2017-10-31,236.13
2017-10-30,235.86
2017-10-27,236.72
2017-10-26,234.72
2017-10-25,234.5
2017-10-24,235.63
2017-10-23,235.3
2017-10-20,236.16
2017-10-19,234.99
2017-10-18,234.87
2017-10-17,234.66
2017-10-16,234.51
2017-10-13,234.14
2017-10-12,233.88
2017-10-11,234.24
2017-10-10,233.86
2017-10-09,233.27
2017-10-06,233.68
2017-10-05,233.9
2017-10-04,232.52
2017-10-03,232.2
2017-10-02,231.73
2017-09-29,230.76
2017-09-28,229.94
2017-09-27,229.67
2017-09-26,228.78
2017-09-25,228.7
2017-09-22,229.04
2017-09-21,229.07
2017-09-20,229.72
2017-09-19,230.77
2017-09-18,230.49
2017-09-15,230.09
2017-09-14,229.77
2017-09-13,229.85
2017-09-12,229.71
2017-09-11,228.87
2017-09-08,226.4
2017-09-07,226.75
2017-09-06,226.8
2017-09-05,226.01
2017-09-01,227.69
2017-08-31,227.3
2017-08-30,225.97
2017-08-29,224.85
2017-08-28,224.68
2017-08-25,224.6
2017-08-24,224.11
2017-08-23,224.63
2017-08-22,225.4
2017-08-21,223.14
2017-08-18,222.87
2017-08-17,223.28
2017-08-16,226.81
2017-08-15,226.45
2017-08-14,226.43
2017-08-11,224.23
2017-08-10,223.93
2017-08-09,227.05
2017-08-08,227.18
2017-08-07,227.63
2017-08-04,227.26
2017-08-03,226.88
2017-08-02,227.28
2017-08-01,227.15
2017-07-31,226.64
2017-07-28,226.77
2017-07-27,227.03
2017-07-26,227.3
2017-07-25,227.23
2017-07-24,226.69
2017-07-21,226.77
2017-07-20,226.93
2017-07-19,226.86
2017-07-18,225.67
2017-07-17,225.5
2017-07-14,225.47
2017-07-13,224.45
2017-07-12,224.07
2017-07-11,222.4
2017-07-10,222.57
2017-07-07,222.34
2017-07-06,220.94
2017-07-05,222.94
2017-07-03,222.55
2017-06-30,222.06
2017-06-29,221.69
2017-06-28,223.62
2017-06-27,221.66
2017-06-26,223.44
2017-06-23,223.37
2017-06-22,224.0
2017-06-21,224.13
2017-06-20,224.22
2017-06-19,225.7
2017-06-16,223.87
2017-06-15,223.81
2017-06-14,224.26
2017-06-13,224.5
2017-06-12,223.41
2017-06-09,223.5
2017-06-08,223.76
2017-06-07,223.68
2017-06-06,223.31
2017-06-05,223.95
2017-06-02,224.1
2017-06-01,223.4
2017-05-31,221.67
2017-05-30,221.72
2017-05-26,221.93
2017-05-25,221.92
2017-05-24,220.89
2017-05-23,220.36
2017-05-22,219.93
2017-05-19,218.71
2017-05-18,217.36
2017-05-17,216.57
2017-05-16,220.48
2017-05-15,220.52
2017-05-12,219.41
2017-05-11,219.75
2017-05-10,220.2
2017-05-09,219.79
2017-05-08,220.07
2017-05-05,220.06
2017-05-04,219.18
2017-05-03,218.98
2017-05-02,219.2
2017-05-01,219.13
2017-04-28,218.6
2017-04-27,219.02
2017-04-26,218.85
2017-04-25,219.01
2017-04-24,217.7
2017-04-21,215.4
2017-04-20,216.03
2017-04-19,214.28
2017-04-18,214.75
2017-04-17,215.34
2017-04-13,213.47
2017-04-12,214.9
2017-04-11,215.79
2017-04-10,216.06
2017-04-07,215.91
2017-04-06,216.1
2017-04-05,215.54
2017-04-04,216.2
2017-04-03,216.08
2017-03-31,216.35
2017-03-30,216.87
2017-03-29,216.29
2017-03-28,215.97
2017-03-27,214.38
2017-03-24,214.73
2017-03-23,214.8
2017-03-22,215.02
2017-03-21,215.58
2017-03-20,218.3327
2017-03-17,218.56
2017-03-16,219.0
2017-03-15,219.37
2017-03-14,217.56
2017-03-13,218.3
2017-03-10,218.17
2017-03-09,217.41
2017-03-08,217.18
2017-03-07,217.64
2017-03-06,218.3
2017-03-03,218.98
2017-03-02,218.86
2017-03-01,220.15
2017-02-28,217.07
2017-02-27,217.71
2017-02-24,217.39
2017-02-23,217.13
2017-02-22,217.01
2017-02-21,217.11
2017-02-17,215.84
2017-02-16,215.51
2017-02-15,215.68
2017-02-14,214.59
2017-02-13,213.7
2017-02-10,212.57
2017-02-09,211.72
2017-02-08,210.52
2017-02-07,210.25
2017-02-06,210.2
2017-02-03,210.64
2017-02-02,209.09
2017-02-01,209.0
2017-01-31,208.97
2017-01-30,208.98
2017-01-27,210.25
2017-01-26,210.55
2017-01-25,210.71
2017-01-24,208.97
2017-01-23,207.65
2017-01-20,208.13
2017-01-19,207.46
2017-01-18,208.16
2017-01-17,207.72
2017-01-13,208.46
2017-01-12,208.05
2017-01-11,208.51
2017-01-10,207.92
2017-01-09,207.95
2017-01-06,208.61
2017-01-05,207.8
2017-01-04,207.96
2017-01-03,206.74
2016-12-30,205.31
2016-12-29,206.02
2016-12-28,206.06
2016-12-27,207.7
2016-12-23,207.19
2016-12-22,207.01
2016-12-21,208.57
2016-12-20,209.14
2016-12-19,208.34
2016-12-16,207.87
2016-12-15,208.23
2016-12-14,207.46
2016-12-13,209.19
2016-12-12,207.77
2016-12-09,208.0
2016-12-08,206.74
2016-12-07,206.2
2016-12-06,203.62
2016-12-05,202.91
2016-12-02,201.75
2016-12-01,201.61
2016-11-30,202.4
2016-11-29,202.86
2016-11-28,202.54
2016-11-25,203.5
2016-11-23,202.69
2016-11-22,202.51
2016-11-21,202.14
2016-11-18,200.66
2016-11-17,201.02
2016-11-16,200.07
2016-11-15,200.41
2016-11-14,198.8
2016-11-11,198.77
2016-11-10,199.14
2016-11-09,198.68
2016-11-08,196.58
2016-11-07,195.68
2016-11-04,191.48
2016-11-03,191.74
2016-11-02,192.49
2016-11-01,193.77
2016-10-31,195.13
2016-10-28,195.13
2016-10-27,195.75
2016-10-26,196.27
2016-10-25,196.71
2016-10-24,197.27
2016-10-21,196.47
2016-10-20,196.42
2016-10-19,196.74
2016-10-18,196.2
2016-10-17,195.05
2016-10-14,195.63
2016-10-13,195.58
2016-10-12,196.21
2016-10-11,195.96
2016-10-10,198.37
2016-10-07,197.46
2016-10-06,198.19
2016-10-05,197.96
2016-10-04,197.14
2016-10-03,198.06
2016-09-30,198.69
2016-09-29,197.11
2016-09-28,198.98
2016-09-27,197.91
2016-09-26,196.71
2016-09-23,198.29
2016-09-22,199.36
2016-09-21,198.17
2016-09-20,195.97
2016-09-19,195.95
2016-09-16,195.89
2016-09-15,196.66
2016-09-14,194.66
2016-09-13,194.78
2016-09-12,198.48
2016-09-09,195.68
2016-09-08,200.52
2016-09-07,200.99
2016-09-06,201.0
2016-09-02,200.37
2016-09-01,199.48
2016-08-31,199.52
2016-08-30,200.01
2016-08-29,200.39
2016-08-26,199.38
2016-08-25,199.76
2016-08-24,199.92
2016-08-23,200.89
2016-08-22,200.52
2016-08-19,200.54
2016-08-18,200.82
2016-08-17,200.34
2016-08-16,200.01
2016-08-15,201.05
2016-08-12,200.47
2016-08-11,200.67
2016-08-10,199.69
2016-08-09,200.2
2016-08-08,200.07
2016-08-05,200.17
2016-08-04,198.57
2016-08-03,198.38
2016-08-02,197.81
2016-08-01,199.05
2016-07-29,199.28
2016-07-28,198.93
2016-07-27,198.71
2016-07-26,198.84
2016-07-25,198.85
2016-07-22,199.33
2016-07-21,198.41
2016-07-20,199.16
2016-07-19,198.36
2016-07-18,198.58
2016-07-15,198.01
2016-07-14,198.31
2016-07-13,197.16
2016-07-12,197.23
2016-07-11,195.85
2016-07-08,195.17
2016-07-07,192.25
2016-07-06,192.38
2016-07-05,191.25
2016-07-01,192.6
2016-06-30,192.2
2016-06-29,189.64
2016-06-28,186.43
2016-06-27,183.05
2016-06-24,186.56
2016-06-23,193.39
2016-06-22,190.92
2016-06-21,191.24
2016-06-20,191.65
2016-06-17,190.43
2016-06-16,191.14
2016-06-15,190.52
2016-06-14,190.8
2016-06-13,191.22
2016-06-10,192.67
2016-06-09,194.54
2016-06-08,194.84
2016-06-07,194.2
2016-06-06,193.85
2016-06-03,192.92
2016-06-02,193.48
2016-06-01,192.9
2016-05-31,192.54
2016-05-27,192.77
2016-05-26,192.02
2016-05-25,191.93
2016-05-24,190.63
2016-05-23,188.24
2016-05-20,188.49
2016-05-19,187.32
2016-05-18,187.93
2016-05-17,187.96
2016-05-16,189.63
2016-05-13,187.76
2016-05-12,189.51
2016-05-11,189.4
2016-05-10,191.19
2016-05-09,188.85
2016-05-06,188.65
2016-05-05,187.97
2016-05-04,187.99
2016-05-03,189.1
2016-05-02,190.73
2016-04-29,189.22
2016-04-28,190.3
2016-04-27,192.03
2016-04-26,191.63
2016-04-25,191.35
2016-04-22,191.66
2016-04-21,191.61
2016-04-20,192.68
2016-04-19,192.52
2016-04-18,191.94
2016-04-15,190.56
2016-04-14,190.77
2016-04-13,190.79
2016-04-12,188.9
2016-04-11,187.08
2016-04-08,187.57
2016-04-07,187.06
2016-04-06,189.29
2016-04-05,187.25
2016-04-04,189.17
2016-04-01,189.77
2016-03-31,188.56
2016-03-30,189.01
2016-03-29,188.22
2016-03-28,186.43
2016-03-24,186.3
2016-03-23,186.43
2016-03-22,187.63
2016-03-21,187.73
2016-03-18,188.45
2016-03-17,187.75
2016-03-16,186.57
2016-03-15,185.46
2016-03-14,185.7
2016-03-11,185.98
2016-03-10,183.01
2016-03-09,182.91
2016-03-08,181.91
2016-03-07,183.98
2016-03-04,183.78
2016-03-03,183.19
2016-03-02,182.52
2016-03-01,181.75
2016-02-29,177.38
2016-02-26,178.98
2016-02-25,179.31
2016-02-24,177.18
2016-02-23,176.35
2016-02-22,178.59
2016-02-19,176.07
2016-02-18,176.11
2016-02-17,176.86
2016-02-16,174.01
2016-02-12,171.14
2016-02-11,167.7
2016-02-10,169.88
2016-02-09,169.99
2016-02-08,169.94
2016-02-05,172.31
2016-02-04,175.61
2016-02-03,175.39
2016-02-02,174.37
2016-02-01,177.59
2016-01-29,177.75
2016-01-28,173.36
2016-01-27,172.42
2016-01-26,174.4
2016-01-25,172.07
2016-01-22,174.66
2016-01-21,171.15
2016-01-20,170.32
2016-01-19,172.34
2016-01-15,172.15
2016-01-14,175.92
2016-01-13,173.11
2016-01-12,177.45
2016-01-11,175.99
2016-01-08,175.97
2016-01-07,177.86
2016-01-06,182.3
2016-01-05,184.64
2016-01-04,184.31
2015-12-31,186.93
2015-12-30,188.8
2015-12-29,190.2
2015-12-28,188.1
2015-12-24,188.51
2015-12-23,188.84
2015-12-22,186.6
2015-12-21,184.93
2015-12-18,184.4
2015-12-17,187.89
2015-12-16,190.67
2015-12-15,188.03
2015-12-14,186.09
2015-12-11,184.98
2015-12-10,188.74
2015-12-09,188.31
2015-12-08,189.73
2015-12-07,190.95
2015-12-04,192.16
2015-12-03,188.46
2015-12-02,191.18
2015-12-01,193.22
2015-11-30,191.37
2015-11-27,192.15
2015-11-25,191.96
2015-11-24,192.02
2015-11-23,191.71
2015-11-20,191.93
2015-11-19,191.22
2015-11-18,191.32
2015-11-17,188.29
2015-11-16,188.52
2015-11-13,185.67
2015-11-12,187.84
2015-11-11,190.39
2015-11-10,191.12
2015-11-09,190.76
2015-11-06,192.56
2015-11-05,192.64
2015-11-04,192.88
2015-11-03,193.43
2015-11-02,192.82
2015-10-30,190.56
2015-10-29,191.53
2015-10-28,191.6
2015-10-27,189.4
2015-10-26,189.77
2015-10-23,190.22
2015-10-22,188.17
2015-10-21,184.97
2015-10-20,186.18
2015-10-19,186.42
2015-10-16,186.2
2015-10-15,185.45
2015-10-14,182.71
2015-10-13,183.57
2015-10-12,184.8
2015-10-09,184.58
2015-10-08,184.48
2015-10-07,182.87
2015-10-06,181.35
2015-10-05,181.96
2015-10-02,178.75
2015-10-01,176.2
2015-09-30,175.71
2015-09-29,172.4
2015-09-28,172.31
2015-09-25,176.76
2015-09-24,176.88
2015-09-23,177.43
2015-09-22,177.75
2015-09-21,180.1
2015-09-18,180.13
2015-09-17,183.09
2015-09-16,183.57
2015-09-15,181.98
2015-09-14,179.64
2015-09-11,180.32
2015-09-10,179.57
2015-09-09,178.57
2015-09-08,181.01
2015-09-04,176.49
2015-09-03,179.27
2015-09-02,179.12
2015-09-01,175.58
2015-08-31,181.11
2015-08-28,182.72
2015-08-27,182.72
2015-08-26,178.36
2015-08-25,171.55
2015-08-24,173.66
2015-08-21,181.04
2015-08-20,186.97
2015-08-19,190.98
2015-08-18,192.5
2015-08-17,193.09
2015-08-14,192.02
2015-08-13,191.28
2015-08-12,191.49
2015-08-11,191.32
2015-08-10,193.09
2015-08-07,190.67
2015-08-06,191.17
2015-08-05,192.64
2015-08-04,191.97
2015-08-03,192.35
2015-07-31,192.95
2015-07-30,193.28
2015-07-29,193.25
2015-07-28,191.89
2015-07-27,189.59
2015-07-24,190.67
2015-07-23,192.68
2015-07-22,193.79
2015-07-21,194.17
2015-07-20,194.94
2015-07-17,194.85
2015-07-16,194.62
2015-07-15,193.14
2015-07-14,193.22
2015-07-13,192.37
2015-07-10,190.24
2015-07-09,187.85
2015-07-08,187.51
2015-07-07,190.75
2015-07-06,189.58
2015-07-02,190.13
2015-07-01,190.27
2015-06-30,188.84
2015-06-29,188.35
2015-06-26,192.42
2015-06-25,192.42
2015-06-24,193.02
2015-06-23,194.41
2015-06-22,194.27
2015-06-19,193.85
2015-06-18,194.98
2015-06-17,193.07
2015-06-16,192.74
2015-06-15,191.62
2015-06-12,192.51
2015-06-11,193.93
2015-06-10,193.33
2015-06-09,191.06
2015-06-08,191.11
2015-06-05,192.3
2015-06-04,192.69
2015-06-03,194.27
2015-06-02,193.74
2015-06-01,193.94
2015-05-29,193.49
2015-05-28,194.76
2015-05-27,194.94
2015-05-26,193.16
2015-05-22,195.26
2015-05-21,195.69
2015-05-20,195.1
2015-05-19,195.23
2015-05-18,195.33
2015-05-15,194.73
2015-05-14,194.53
2015-05-13,192.52
2015-05-12,192.46
2015-05-11,193.02
2015-05-08,193.95
2015-05-07,191.44
2015-05-06,190.67
2015-05-05,191.44
2015-05-04,193.7
2015-05-01,193.1
2015-04-30,191.1
2015-04-29,193.02
2015-04-28,193.81
2015-04-27,193.21
2015-04-24,193.98
2015-04-23,193.59
2015-04-22,193.09
2015-04-21,192.14
2015-04-20,192.33
2015-04-17,190.59
2015-04-16,192.83
2015-04-15,192.9
2015-04-14,192.02
2015-04-13,191.67
2015-04-10,192.54
2015-04-09,191.49
2015-04-08,190.66
2015-04-07,189.97
2015-04-06,190.48
2015-04-02,189.15
2015-04-01,188.59
2015-03-31,189.2
2015-03-30,190.88
2015-03-27,188.53
2015-03-26,188.14
2015-03-25,188.61
2015-03-24,191.4
2015-03-23,192.52
2015-03-20,193.85
2015-03-19,192.11
2015-03-18,193.0
2015-03-17,190.73
2015-03-16,191.38
2015-03-13,188.8
2015-03-12,189.96
2015-03-11,187.54
2015-03-10,187.98
2015-03-09,191.12
2015-03-06,190.31
2015-03-05,193.04
2015-03-04,192.83
2015-03-03,193.64
2015-03-02,194.47
2015-02-27,193.2
2015-02-26,193.87
2015-02-25,194.09
2015-02-24,194.3
2015-02-23,193.73
2015-02-20,193.78
2015-02-19,192.61
2015-02-18,192.74
2015-02-17,192.7
2015-02-13,192.39
2015-02-12,191.55
2015-02-11,189.79
2015-02-10,189.66
2015-02-09,187.66
2015-02-06,188.52
2015-02-05,189.05
2015-02-04,187.15
2015-02-03,187.79
2015-02-02,185.09
2015-01-30,182.99
2015-01-29,185.27
2015-01-28,183.49
2015-01-27,185.9401
2015-01-26,188.41
2015-01-23,188.04
2015-01-22,189.08
2015-01-21,186.23
2015-01-20,185.26
2015-01-16,184.8
2015-01-15,182.54
2015-01-14,184.26
2015-01-13,185.35
2015-01-12,185.84
2015-01-09,187.23
2015-01-08,188.82
2015-01-07,185.56
2015-01-06,183.27
2015-01-05,185.09
2015-01-02,188.4
2014-12-31,188.4
2014-12-30,190.38
2014-12-29,191.42
2014-12-26,191.15
2014-12-24,190.53
2014-12-23,190.55
2014-12-22,190.26
2014-12-19,189.42
2014-12-18,188.55
2014-12-17,185.18
2014-12-16,181.52
2014-12-15,182.93
2014-12-12,184.21
2014-12-11,187.25
2014-12-10,186.3799
2014-12-09,189.35
2014-12-08,189.5
2014-12-05,190.8
2014-12-04,190.46
2014-12-03,190.65
2014-12-02,189.92
2014-12-01,188.73
2014-11-28,190.03
2014-11-26,190.44
2014-11-25,190.0
2014-11-24,190.06
2014-11-21,189.57
2014-11-20,188.51
2014-11-19,188.17
2014-11-18,188.51
2014-11-17,187.43
2014-11-14,187.33
2014-11-13,187.26
2014-11-12,187.09
2014-11-11,187.24
2014-11-10,187.06
2014-11-07,186.5
2014-11-06,186.34
2014-11-05,185.59
2014-11-04,184.38
2014-11-03,185.04
2014-10-31,184.93
2014-10-30,182.86
2014-10-29,181.71
2014-10-28,181.92
2014-10-27,179.85
2014-10-24,180.08
2014-10-23,178.74
2014-10-22,176.71
2014-10-21,177.92
2014-10-20,174.53
2014-10-17,172.83
2014-10-16,170.72
2014-10-15,170.83
2014-10-14,172.11
2014-10-13,171.83
2014-10-10,174.7
2014-10-09,176.68
2014-10-08,180.32
2014-10-07,177.22
2014-10-06,179.98
2014-10-03,180.2
2014-10-02,178.21
2014-10-01,178.22
2014-09-30,180.59
2014-09-29,181.14
2014-09-26,181.5
2014-09-25,180.05
2014-09-24,182.99
2014-09-23,181.53
2014-09-22,182.56
2014-09-19,184.86
2014-09-18,185.04
2014-09-17,184.08
2014-09-16,183.82
2014-09-15,182.46
2014-09-12,182.58
2014-09-11,183.67
2014-09-10,183.5
2014-09-09,182.78
2014-09-08,183.97
2014-09-05,184.44
2014-09-04,183.56
2014-09-03,183.86
2014-09-02,183.94
2014-08-29,183.99
2014-08-28,183.54
2014-08-27,183.68
2014-08-26,183.71
2014-08-25,183.56
2014-08-22,182.61
2014-08-21,182.9
2014-08-20,182.38
2014-08-19,181.88
2014-08-18,180.92
2014-08-15,179.43
2014-08-14,179.48
2014-08-13,178.7
2014-08-12,177.45
2014-08-11,177.66
2014-08-08,177.16
2014-08-07,175.13
2014-08-06,176.08
2014-08-05,175.97
2014-08-04,177.77
2014-08-01,176.53
2014-07-31,176.96
2014-07-30,180.59
2014-07-29,180.59
2014-07-28,181.36
2014-07-25,181.28
2014-07-24,182.15
2014-07-23,182.15
2014-07-22,181.72
2014-07-21,180.91
2014-07-18,181.3
2014-07-17,179.41
2014-07-16,181.54
2014-07-15,180.85
2014-07-14,181.16
2014-07-11,180.27
2014-07-10,180.03
2014-07-09,180.72
2014-07-08,179.97
2014-07-07,181.14
2014-07-03,181.73
2014-07-02,180.82
2014-07-01,180.69
2014-06-30,179.43
2014-06-27,179.48
2014-06-26,179.17
2014-06-25,179.26
2014-06-24,178.5
2014-06-23,179.56
2014-06-20,180.45
2014-06-19,180.09
2014-06-18,179.87
2014-06-17,178.54
2014-06-16,178.07
2014-06-13,177.92
2014-06-12,177.36
2014-06-11,178.69
2014-06-10,179.27
2014-06-09,179.23
2014-06-06,179.05
2014-06-05,178.2
2014-06-04,177.0
2014-06-03,176.68
2014-06-02,176.79
2014-05-30,176.55
2014-05-29,176.32
2014-05-28,175.32
2014-05-27,175.5
2014-05-23,174.47
2014-05-22,173.75
2014-05-21,173.28
2014-05-20,171.79
2014-05-19,172.93
2014-05-16,172.34
2014-05-15,171.67
2014-05-14,173.23
2014-05-13,174.07
2014-05-12,173.91
2014-05-09,172.28
2014-05-08,171.98
2014-05-07,172.19
2014-05-06,171.18
2014-05-05,172.68
2014-05-02,172.32
2014-05-01,172.6
2014-04-30,172.59
2014-04-29,172.05
2014-04-28,171.23
2014-04-25,170.71
2014-04-24,172.09
2014-04-23,171.71
2014-04-22,172.12
2014-04-21,171.37
2014-04-17,170.74
2014-04-16,170.54
2014-04-15,168.76
2014-04-14,167.6
2014-04-11,166.26
2014-04-10,167.77
2014-04-09,171.43
2014-04-08,169.6
2014-04-07,168.9
2014-04-04,170.74
2014-04-03,172.82
2014-04-02,173.09
2014-04-01,172.5
2014-03-31,171.35
2014-03-28,169.9
2014-03-27,169.15
2014-03-26,169.49
2014-03-25,170.75
2014-03-24,169.92
2014-03-21,171.42
2014-03-20,171.99
2014-03-19,171.02
2014-03-18,171.96
2014-03-17,170.75
2014-03-14,169.23
2014-03-13,169.72
2014-03-12,171.62
2014-03-11,171.5
2014-03-10,172.45
2014-03-07,172.42
2014-03-06,172.46
2014-03-05,171.91
2014-03-04,171.88
2014-03-03,169.46
2014-02-28,170.63
2014-02-27,170.25
2014-02-26,169.31
2014-02-25,169.31
2014-02-24,169.37
2014-02-21,168.57
2014-02-20,168.65
2014-02-19,167.7
2014-02-18,168.86
2014-02-14,168.61
2014-02-13,167.72
2014-02-12,166.9
2014-02-11,166.75
2014-02-10,164.93
2014-02-07,164.67
2014-02-06,162.57
2014-02-05,160.42
2014-02-04,160.69
2014-02-03,159.61
2014-01-31,163.18
2014-01-30,164.2
2014-01-29,162.38
2014-01-28,164.09
2014-01-27,163.08
2014-01-24,163.88
2014-01-23,167.48
2014-01-22,168.84
2014-01-21,168.74
2014-01-17,168.21
2014-01-16,168.94
2014-01-15,169.2
2014-01-14,168.25
2014-01-13,166.52
2014-01-10,168.66
2014-01-09,168.27
2014-01-08,168.17
2014-01-07,168.1
2014-01-06,167.06
2014-01-03,167.48
2014-01-02,167.63
2013-12-31,169.15
2013-12-30,168.37
2013-12-27,168.44
2013-12-26,168.43
2013-12-24,167.65
2013-12-23,168.95
2013-12-20,167.18
2013-12-19,166.34
2013-12-18,166.49
2013-12-17,163.64
2013-12-16,164.22
2013-12-13,163.18
2013-12-12,163.23
2013-12-11,163.77
2013-12-10,165.65
2013-12-09,166.22
2013-12-06,165.84
2013-12-05,163.98
2013-12-04,164.61
2013-12-03,164.8
2013-12-02,165.44
2013-11-29,165.7
2013-11-27,165.94
2013-11-26,165.49
2013-11-25,165.57
2013-11-22,165.67
2013-11-21,164.83
2013-11-20,163.55
2013-11-19,164.07
2013-11-18,164.39
2013-11-15,165.0
2013-11-14,164.29
2013-11-13,163.38
2013-11-12,162.13
2013-11-11,162.42
2013-11-08,162.45
2013-11-07,160.25
2013-11-06,162.33
2013-11-05,161.58
2013-11-04,162.07
2013-11-01,161.34
2013-10-31,160.88
2013-10-30,161.48
2013-10-29,162.39
2013-10-28,161.4
2013-10-25,161.2
2013-10-24,160.46
2013-10-23,79.97
2013-10-22,80.34
2013-10-21,79.91
2013-10-18,79.87
2013-10-17,79.34
2013-10-16,78.8
2013-10-15,77.74
2013-10-14,78.32
2013-10-11,77.98
2013-10-10,77.52
2013-10-09,75.81
2013-10-08,75.81
2013-10-07,76.7
2013-10-04,77.36
2013-10-03,76.8
2013-10-02,77.49
2013-10-01,77.59
2013-09-30,77.0
2013-09-27,77.43
2013-09-26,77.76
2013-09-25,77.45
2013-09-24,77.7
2013-09-23,77.87
2013-09-20,78.55
2013-09-19,79.17
2013-09-18,79.3
2013-09-17,78.36
2013-09-16,78.04
2013-09-13,77.57
2013-09-12,77.41
2013-09-11,77.6
2013-09-10,77.36
2013-09-09,76.78
2013-09-06,76.03
2013-09-05,75.9
2013-09-04,75.92
2013-09-03,75.29
2013-08-30,74.85
2013-08-29,75.18
2013-08-28,75.06
2013-08-27,74.81
2013-08-26,76.06
2013-08-23,76.3
2013-08-22,76.05
2013-08-21,75.39
2013-08-20,75.78
2013-08-19,75.48
2013-08-16,75.96
2013-08-15,76.18
2013-08-14,77.31
2013-08-13,77.75
2013-08-12,77.45
2013-08-09,77.55
2013-08-08,77.77
2013-08-07,77.5
2013-08-06,77.77
2013-08-05,78.24
2013-08-02,78.29
2013-08-01,78.17
2013-07-31,77.23
2013-07-30,77.21
2013-07-29,77.205
2013-07-26,77.43
2013-07-25,77.33
2013-07-24,77.19
2013-07-23,77.48
2013-07-22,77.64
2013-07-19,77.5
2013-07-18,77.36
2013-07-17,76.92
2013-07-16,76.73
2013-07-15,77.02
2013-07-12,76.74
2013-07-11,76.72
2013-07-10,75.65
2013-07-09,75.63
2013-07-08,75.06
2013-07-05,74.67
2013-07-03,73.85
2013-07-02,73.78
2013-07-01,73.89
2013-06-28,73.34
2013-06-27,73.8
2013-06-26,73.31
2013-06-25,72.63
2013-06-24,71.91
2013-06-21,73.2
2013-06-20,72.97
2013-06-19,74.87
2013-06-18,75.88
2013-06-17,75.3
2013-06-14,74.7
2013-06-13,75.16
2013-06-12,74.09
2013-06-11,74.67
2013-06-10,75.44
2013-06-07,75.47
2013-06-06,74.43
2013-06-05,73.85
2013-06-04,75.0
2013-06-03,75.23
2013-05-31,74.84
2013-05-30,75.95
2013-05-29,75.62
2013-05-28,76.2
2013-05-24,75.66
2013-05-23,75.76
2013-05-22,76.03
2013-05-21,76.54
2013-05-20,76.44
2013-05-17,76.44
2013-05-16,75.72
2013-05-15,76.07
2013-05-14,75.64
2013-05-13,74.85
2013-05-10,74.86
2013-05-09,74.6
2013-05-08,74.82
2013-05-07,74.43
2013-05-06,74.05
2013-05-03,73.82
2013-05-02,73.13
2013-05-01,72.48
2013-04-30,73.14
2013-04-29,72.91
2013-04-26,72.44
2013-04-25,72.6
2013-04-24,72.28
2013-04-23,72.26
2013-04-22,71.5
2013-04-19,71.18
2013-04-18,70.43
2013-04-17,71.01
2013-04-16,72.07
2013-04-15,71.07
2013-04-12,72.73
2013-04-11,72.89
2013-04-10,72.65
2013-04-09,71.77
2013-04-08,71.51
2013-04-05,71.07
2013-04-04,71.35
2013-04-03,71.07
2013-04-02,71.79
2013-04-01,71.44
2013-03-28,71.64
2013-03-27,71.48
2013-03-26,71.52
2013-03-25,70.99
2013-03-22,71.19
2013-03-21,71.01
2013-03-20,71.59
2013-03-19,71.1
2013-03-18,71.27
2013-03-15,71.66
2013-03-14,71.76
2013-03-13,71.38
2013-03-12,71.28
2013-03-11,71.44
2013-03-08,71.18
2013-03-07,70.9
2013-03-06,70.77
2013-03-05,70.64
2013-03-04,70.04
2013-03-01,69.65
2013-02-28,69.47
2013-02-27,69.55
2013-02-26,68.69
2013-02-25,68.23
2013-02-22,69.54
2013-02-21,68.94
2013-02-20,69.27
2013-02-19,70.14
2013-02-15,69.66
2013-02-14,69.75
2013-02-13,69.65
2013-02-12,69.59
2013-02-11,69.48
2013-02-08,69.51
2013-02-07,69.13
2013-02-06,69.22
2013-02-05,69.16
2013-02-04,68.46
2013-02-01,69.22
2013-01-31,68.56
2013-01-30,68.72
2013-01-29,68.99
2013-01-28,68.71
2013-01-25,68.79
2013-01-24,68.41
2013-01-23,68.37
2013-01-22,68.27
2013-01-18,67.94
2013-01-17,67.745
2013-01-16,67.33
2013-01-15,67.33
2013-01-14,67.3
2013-01-11,67.36
2013-01-10,67.33
2013-01-09,66.84
2013-01-08,66.64
2013-01-07,66.84
2013-01-04,67.02
2013-01-03,66.74
2013-01-02,66.8
2012-12-31,65.19
2012-12-28,64.09
2012-12-27,64.81
2012-12-26,64.87
2012-12-24,65.18
2012-12-21,65.84
2012-12-20,66.46
2012-12-19,66.05
2012-12-18,66.54
2012-12-17,65.87
2012-12-14,65.09
2012-12-13,65.3
2012-12-12,65.7
2012-12-11,65.65
2012-12-10,65.23
2012-12-07,65.19
2012-12-06,64.99
2012-12-05,64.79
2012-12-04,64.65
2012-12-03,64.77
2012-11-30,65.0
2012-11-29,65.06
2012-11-28,64.77
2012-11-27,64.29
2012-11-26,64.6
2012-11-23,64.68
2012-11-21,63.87
2012-11-20,63.73
2012-11-19,63.66
2012-11-16,62.39
2012-11-15,62.07
2012-11-14,62.31
2012-11-13,63.08
2012-11-12,63.31
2012-11-09,63.22
2012-11-08,63.15
2012-11-07,64.0
2012-11-06,65.43
2012-11-05,64.95
2012-11-02,64.8
2012-11-01,65.39
2012-10-31,64.63
2012-10-26,64.69
2012-10-25,64.74
2012-10-24,64.56
2012-10-23,64.7
2012-10-22,65.66
2012-10-19,65.62
2012-10-18,66.76
2012-10-17,66.93
2012-10-16,66.62
2012-10-15,65.95
2012-10-12,65.4
2012-10-11,65.63
2012-10-10,65.59
2012-10-09,66.04
2012-10-08,66.69
2012-10-05,66.89
2012-10-04,66.91
2012-10-03,66.4
2012-10-02,66.13
2012-10-01,66.04
2012-09-28,65.92
2012-09-27,66.22
2012-09-26,65.58
2012-09-25,66.0
2012-09-24,66.68
2012-09-21,67.11
2012-09-20,67.15
2012-09-19,67.16
2012-09-18,67.11
2012-09-17,67.18
2012-09-14,67.38
2012-09-13,67.1
2012-09-12,66.05
2012-09-11,65.84
2012-09-10,65.66
2012-09-07,66.05
2012-09-06,65.78
2012-09-05,64.44
2012-09-04,64.44
2012-08-31,64.61
2012-08-30,64.27
2012-08-29,64.76
2012-08-28,64.7
2012-08-27,64.76
2012-08-24,64.76
2012-08-23,64.36
2012-08-22,64.87
2012-08-21,64.86
2012-08-20,65.06
2012-08-17,65.08
2012-08-16,64.93
2012-08-15,64.49
2012-08-14,64.42
2012-08-13,64.39
2012-08-10,64.44
2012-08-09,64.34
2012-08-08,64.27
2012-08-07,64.2
2012-08-06,63.91
2012-08-03,63.74
2012-08-02,62.52
2012-08-01,62.96
2012-07-31,63.03
2012-07-30,63.44
2012-07-27,63.47
2012-07-26,62.27
2012-07-25,61.27
2012-07-24,61.31
2012-07-23,61.8
2012-07-20,62.42
2012-07-19,63.0
2012-07-18,62.84
2012-07-17,62.39
2012-07-16,61.95
2012-07-13,62.09
2012-07-12,61.05
2012-07-11,61.37
2012-07-10,61.36
2012-07-09,61.93
2012-07-06,62.01
2012-07-05,62.59
2012-07-03,62.86
2012-07-02,62.45
2012-06-29,62.28
2012-06-28,60.77
2012-06-27,60.91
2012-06-26,60.37
2012-06-25,60.08
2012-06-22,61.37
2012-06-21,60.93
2012-06-20,62.3
2012-06-19,62.4
2012-06-18,61.77
2012-06-15,61.64
2012-06-14,61.1
2012-06-13,60.43
2012-06-12,60.83
2012-06-11,60.13
2012-06-08,60.87
2012-06-07,60.37
2012-06-06,60.38
2012-06-05,58.97
2012-06-04,58.63
2012-06-01,58.65
2012-05-31,60.12
2012-05-30,60.27
2012-05-29,61.15
2012-05-25,60.46
2012-05-24,60.6
2012-05-23,60.49
2012-05-22,60.49
2012-05-21,60.36
2012-05-18,59.36
2012-05-17,59.83
2012-05-16,60.75
2012-05-15,61.01
2012-05-14,61.35
2012-05-11,62.01
2012-05-10,62.21
2012-05-09,62.1
2012-05-08,62.45
2012-05-07,62.72
2012-05-04,62.67
2012-05-03,63.71
2012-05-02,64.18
2012-05-01,64.38
2012-04-30,63.96
2012-04-27,64.24
2012-04-26,64.11
2012-04-25,63.67
2012-04-24,62.79
2012-04-23,62.56
2012-04-20,63.1
2012-04-19,63.0
2012-04-18,63.41
2012-04-17,63.63
2012-04-16,62.67
2012-04-13,62.74
2012-04-12,63.5
2012-04-11,62.64
2012-04-10,62.13
2012-04-09,63.23
2012-04-05,63.94
2012-04-04,63.96
2012-04-03,64.64
2012-04-02,64.89
2012-03-30,64.37
2012-03-29,64.16
2012-03-28,64.27
2012-03-27,64.58
2012-03-26,64.76
2012-03-23,64.18
2012-03-22,63.93
2012-03-21,64.43
2012-03-20,64.53
2012-03-19,64.71
2012-03-16,64.44
2012-03-15,64.35
2012-03-14,64.02
2012-03-13,64.07
2012-03-12,62.94
2012-03-09,62.91
2012-03-08,62.67
2012-03-07,62.07
2012-03-06,61.58
2012-03-05,62.56
2012-03-02,62.83
2012-03-01,63.0
2012-02-29,62.59
2012-02-28,62.93
2012-02-27,62.71
2012-02-24,62.6
2012-02-23,62.51
2012-02-22,62.21
2012-02-21,62.42
2012-02-17,62.38
2012-02-16,62.23
2012-02-15,61.56
2012-02-14,61.834
2012-02-13,61.92
2012-02-10,61.45
2012-02-09,61.87
2012-02-08,61.8
2012-02-07,61.67
2012-02-06,61.48
2012-02-03,61.57
2012-02-02,60.71
2012-02-01,60.59
2012-01-31,60.02
2012-01-30,60.05
2012-01-27,60.25
2012-01-26,60.33
2012-01-25,60.64
2012-01-24,60.11
2012-01-23,60.2
2012-01-20,60.14
2012-01-19,60.14
2012-01-18,59.82
2012-01-17,59.16
2012-01-13,59.0
2012-01-12,59.25
2012-01-11,59.12
2012-01-10,59.06
2012-01-09,58.56
2012-01-06,58.47
2012-01-05,58.59
2012-01-04,58.4
2012-01-03,58.3
2011-12-30,57.45
2011-12-29,57.67
2011-12-28,57.15
2011-12-27,57.86
2011-12-23,57.8
2011-12-22,57.69
2011-12-21,57.15
2011-12-20,56.98
2011-12-19,55.33
2011-12-16,55.9
2011-12-15,55.86
2011-12-14,55.65
2011-12-13,56.28
2011-12-12,56.82
2011-12-09,57.65
2011-12-08,56.69
2011-12-07,57.94
2011-12-06,57.75
2011-12-05,57.7
2011-12-02,57.08
2011-12-01,57.11
2011-11-30,57.15
2011-11-29,54.9
2011-11-28,54.74
2011-11-25,53.15
2011-11-23,53.31
2011-11-22,54.46
2011-11-21,54.75
2011-11-18,55.75
2011-11-17,55.83
2011-11-16,56.74
2011-11-15,57.67
2011-11-14,57.37
2011-11-11,57.932
2011-11-10,56.82
2011-11-09,56.31
2011-11-08,58.42
2011-11-07,57.73
2011-11-04,57.398
2011-11-03,57.73
2011-11-02,56.68
2011-11-01,55.8
2011-10-31,57.32
2011-10-28,58.83
2011-10-27,58.77
2011-10-26,56.81
2011-10-25,56.27
2011-10-24,57.38
2011-10-21,56.66
2011-10-20,55.59
2011-10-19,55.34
2011-10-18,56.04
2011-10-17,54.94
2011-10-14,55.99
2011-10-13,55.08
2011-10-12,55.16
2011-10-11,54.66
2011-10-10,54.68
2011-10-07,52.89
2011-10-06,53.3
2011-10-05,52.29
2011-10-04,51.27
2011-10-03,50.17
2011-09-30,51.76
2011-09-29,53.02
2011-09-28,52.64
2011-09-27,53.71
2011-09-26,53.1
2011-09-23,51.84
2011-09-22,51.89
2011-09-21,53.57
2011-09-20,55.24
2011-09-19,55.33
2011-09-16,55.85
2011-09-15,55.52
2011-09-14,54.58
2011-09-13,53.82
2011-09-12,53.3799
2011-09-09,53.0
2011-09-08,54.43
2011-09-07,55.01
2011-09-06,53.5
2011-09-02,53.87
2011-09-01,55.3
2011-08-31,55.84
2011-08-30,55.56
2011-08-29,55.46
2011-08-26,53.89
2011-08-25,53.19
2011-08-24,54.0
2011-08-23,53.27
2011-08-22,51.49
2011-08-19,51.45
2011-08-18,52.45
2011-08-17,54.72
2011-08-16,54.66
2011-08-15,55.13
2011-08-12,54.0224
2011-08-11,53.59
2011-08-10,51.34
2011-08-09,53.67
2011-08-08,51.37
2011-08-05,54.89
2011-08-04,55.01
2011-08-03,57.71
2011-08-02,57.421
2011-08-01,58.89
2011-07-29,59.1
2011-07-28,59.56
2011-07-27,59.73
2011-07-26,60.94
2011-07-25,61.2
2011-07-22,61.55
2011-07-21,61.5
2011-07-20,60.69
2011-07-19,60.69
2011-07-18,59.72
2011-07-15,60.23
2011-07-14,59.9
2011-07-13,60.29
2011-07-12,60.08
2011-07-11,60.35
2011-07-08,61.49
2011-07-07,61.91
2011-07-06,61.24
2011-07-05,61.15
2011-07-01,61.25
2011-06-30,60.34
2011-06-29,59.77
2011-06-28,59.24
2011-06-27,58.49
2011-06-24,58.0
2011-06-23,58.932
2011-06-22,59.13
2011-06-21,59.48
2011-06-20,58.68
2011-06-17,58.35
2011-06-16,58.19
2011-06-15,58.08
2011-06-14,59.11
2011-06-13,58.36
2011-06-10,58.32
2011-06-09,59.1486
2011-06-08,58.7
2011-06-07,58.94
2011-06-06,59.02
2011-06-03,59.65
2011-06-02,60.23
2011-06-01,60.3
2011-05-31,61.67
2011-05-27,61.056
2011-05-26,60.79
2011-05-25,60.55
2011-05-24,60.35
2011-05-23,60.4
2011-05-20,61.1245
2011-05-19,61.54
2011-05-18,61.46
2011-05-17,60.89
2011-05-16,60.9
2011-05-13,61.284
2011-05-12,61.82
2011-05-11,61.49
2011-05-10,62.145
2011-05-09,61.6399
2011-05-06,61.39
2011-05-05,61.102
2011-05-04,61.639
2011-05-03,62.06
2011-05-02,62.26
2011-04-29,62.4
2011-04-28,62.22
2011-04-27,62.02
2011-04-26,61.6235
2011-04-25,61.09
2011-04-21,61.1492
2011-04-20,60.88
2011-04-19,60.07
2011-04-18,59.7
2011-04-15,60.36
2011-04-14,60.15
2011-04-13,60.14
2011-04-12,60.12
2011-04-11,60.564
2011-04-08,60.77
2011-04-07,61.0
2011-04-06,61.11
2011-04-05,60.93
2011-04-04,60.93
2011-04-01,60.9
2011-03-31,60.62
2011-03-30,60.7
2011-03-29,60.292
2011-03-28,59.9
2011-03-25,60.03
2011-03-24,60.1154
2011-03-23,59.56
2011-03-22,59.37
2011-03-21,59.58
2011-03-18,58.69
2011-03-17,58.44
2011-03-16,57.72
2011-03-15,58.839
2011-03-14,59.5
2011-03-11,59.85
2011-03-10,59.45
2011-03-09,60.56
2011-03-08,60.63
2011-03-07,60.07
2011-03-04,60.6
2011-03-03,61.05
2011-03-02,60.02
2011-03-01,59.85
2011-02-28,60.89
2011-02-25,60.53
2011-02-24,59.88
2011-02-23,59.94
2011-02-22,60.28
2011-02-18,61.54
2011-02-17,61.44
2011-02-16,61.21
2011-02-15,60.824
2011-02-14,61.04
2011-02-11,60.89
2011-02-10,60.51
2011-02-09,60.49
2011-02-08,60.64
2011-02-07,60.3591
2011-02-04,59.98
2011-02-03,59.82
2011-02-02,59.67
2011-02-01,59.77
2011-01-31,58.85
2011-01-28,58.402
2011-01-27,59.45
2011-01-26,59.37
2011-01-25,59.06
2011-01-24,59.08
2011-01-21,58.72
2011-01-20,58.588
2011-01-19,58.66
2011-01-18,59.25
2011-01-14,59.15
2011-01-13,58.73
2011-01-12,58.81
2011-01-11,58.29
2011-01-10,58.1
2011-01-07,58.153
2011-01-06,58.27
2011-01-05,58.37
2011-01-04,58.06
2011-01-03,58.11
2010-12-31,57.57
2010-12-30,57.51
2010-12-29,57.6
2010-12-28,57.55
2010-12-27,57.49
2010-12-23,57.71
2010-12-22,57.8
2010-12-21,57.59
2010-12-20,57.24
2010-12-17,57.12
2010-12-16,57.04
2010-12-15,56.71
2010-12-14,56.96
2010-12-13,56.93
2010-12-10,56.9
2010-12-09,56.56
2010-12-08,56.35
2010-12-07,56.12
2010-12-06,56.1
2010-12-03,56.17
2010-12-02,56.03
2010-12-01,55.31
2010-11-30,54.09
2010-11-29,54.467
2010-11-26,54.52
2010-11-24,54.8295
2010-11-23,54.13
2010-11-22,54.9
2010-11-19,54.95
2010-11-18,54.82
2010-11-17,54.02
2010-11-16,53.98
2010-11-15,54.86
2010-11-12,54.9099
2010-11-11,55.6
2010-11-10,55.78
2010-11-09,55.57
2010-11-08,56.01
2010-11-05,56.08
2010-11-04,55.86
2010-11-03,54.83
2010-11-02,54.6
2010-11-01,54.18
2010-10-29,54.15
2010-10-28,54.11
2010-10-27,54.07
2010-10-26,54.24
2010-10-25,54.25
2010-10-22,54.09
2010-10-21,53.96
2010-10-20,53.88
2010-10-19,53.3101
2010-10-18,54.17
2010-10-15,53.78
2010-10-14,53.68
2010-10-13,53.88
2010-10-12,53.56
2010-10-11,53.25
2010-10-08,53.3399
2010-10-07,52.94
2010-10-06,52.968
2010-10-05,53.058
2010-10-04,51.92
2010-10-01,52.36
2010-09-30,52.18
2010-09-29,52.26
2010-09-28,52.51
2010-09-27,52.17
2010-09-24,52.42
2010-09-23,51.6531
2010-09-22,52.08
2010-09-21,52.3599
2010-09-20,52.52
2010-09-17,51.68
2010-09-16,51.63
2010-09-15,51.65
2010-09-14,51.519
2010-09-13,51.53
2010-09-10,50.89
2010-09-09,50.66
