date,SCHD_close
2025-08-22,27.95
2025-08-21,27.52
2025-08-20,27.51
2025-08-19,27.45
2025-08-18,27.26
2025-08-15,27.33
2025-08-14,27.34
2025-08-13,27.46
2025-08-12,27.1
2025-08-11,26.79
2025-08-08,26.88
2025-08-07,26.75
2025-08-06,26.68
2025-08-05,26.74
2025-08-04,26.61
2025-08-01,26.38
2025-07-31,26.5
2025-07-30,26.84
2025-07-29,27.17
2025-07-28,27.2
2025-07-25,27.32
2025-07-24,27.28
2025-07-23,27.38
2025-07-22,27.24
2025-07-21,26.95
2025-07-18,27.02
2025-07-17,27.14
2025-07-16,26.93
2025-07-15,26.87
2025-07-14,27.31
2025-07-11,27.33
2025-07-10,27.51
2025-07-09,27.29
2025-07-08,27.32
2025-07-07,27.06
2025-07-03,27.35
2025-07-02,27.31
2025-07-01,27.05
2025-06-30,26.5
2025-06-27,26.39
2025-06-26,26.39
2025-06-25,26.2
2025-06-24,26.74
2025-06-23,26.7
2025-06-20,26.7
2025-06-18,26.64
2025-06-17,26.72
2025-06-16,26.92
2025-06-13,26.9
2025-06-12,27.02
2025-06-11,26.86
2025-06-10,26.95
2025-06-09,26.65
2025-06-06,26.54
2025-06-05,26.23
2025-06-04,26.29
2025-06-03,26.44
2025-06-02,26.25
2025-05-30,26.17
2025-05-29,26.19
2025-05-28,26.04
2025-05-27,26.27
2025-05-23,25.89
2025-05-22,25.96
2025-05-21,26.01
2025-05-20,26.48
2025-05-19,26.58
2025-05-16,26.6
2025-05-15,26.42
2025-05-14,26.0
2025-05-13,26.31
2025-05-12,26.43
2025-05-09,25.73
2025-05-08,25.78
2025-05-07,25.64
2025-05-06,25.55
2025-05-05,25.8
2025-05-02,26.06
2025-05-01,25.71
2025-04-30,25.82
2025-04-29,25.89
2025-04-28,25.79
2025-04-25,25.67
2025-04-24,25.71
2025-04-23,25.42
2025-04-22,25.44
2025-04-21,25.03
2025-04-17,25.42
2025-04-16,25.13
2025-04-15,25.43
2025-04-14,25.6
2025-04-11,25.3
2025-04-10,24.97
2025-04-09,25.87
2025-04-08,24.32
2025-04-07,24.94
2025-04-04,25.28
2025-04-03,26.73
2025-04-02,27.87
2025-04-01,27.87
2025-03-31,27.96
2025-03-28,27.58
2025-03-27,27.75
2025-03-26,27.8
2025-03-25,27.84
2025-03-24,28.09
2025-03-21,27.76
2025-03-20,27.95
2025-03-19,28.03
2025-03-18,27.92
2025-03-17,27.96
2025-03-14,27.64
2025-03-13,27.29
2025-03-12,27.44
2025-03-11,27.74
2025-03-10,28.38
2025-03-07,28.46
2025-03-06,28.07
2025-03-05,28.05
2025-03-04,27.92
2025-03-03,28.4
2025-02-28,28.54
2025-02-27,28.17
2025-02-26,28.15
2025-02-25,28.45
2025-02-24,28.26
2025-02-21,28.21
2025-02-20,28.32
2025-02-19,28.18
2025-02-18,27.99
2025-02-14,27.79
2025-02-13,27.85
2025-02-12,27.65
2025-02-11,27.87
2025-02-10,27.68
2025-02-07,27.56
2025-02-06,27.75
2025-02-05,27.95
2025-02-04,27.76
2025-02-03,27.72
2025-01-31,27.83
2025-01-30,27.98
2025-01-29,28.01
2025-01-28,28.07
2025-01-27,28.45
2025-01-24,28.07
2025-01-23,28.09
2025-01-22,27.92
2025-01-21,28.22
2025-01-17,27.99
2025-01-16,27.83
2025-01-15,27.82
2025-01-14,27.52
2025-01-13,27.3
2025-01-10,27.01
2025-01-08,27.32
2025-01-07,27.26
2025-01-06,27.27
2025-01-03,27.44
2025-01-02,27.26
2024-12-31,27.32
2024-12-30,27.23
2024-12-27,27.47
2024-12-26,27.59
2024-12-24,27.58
2024-12-23,27.37
2024-12-20,27.29
2024-12-19,26.93
2024-12-18,27.08
2024-12-17,27.81
2024-12-16,27.87
2024-12-13,28.13
2024-12-12,28.2
2024-12-11,28.25
2024-12-10,28.68
2024-12-09,28.79
2024-12-06,28.82
2024-12-05,28.95
2024-12-04,28.94
2024-12-03,29.18
2024-12-02,29.34
2024-11-29,29.53
2024-11-27,29.44
2024-11-26,29.45
2024-11-25,29.51
2024-11-22,29.35
2024-11-21,28.98
2024-11-20,28.71
2024-11-19,28.64
2024-11-18,28.79
2024-11-15,28.63
2024-11-14,28.88
2024-11-13,29.01
2024-11-12,28.91
2024-11-11,29.16
2024-11-08,29.08
2024-11-07,28.91
2024-11-06,29.04
2024-11-05,28.38
2024-11-04,28.13
2024-11-01,28.1
2024-10-31,28.23
2024-10-30,28.18
2024-10-29,28.09
2024-10-28,28.32
2024-10-25,28.15
2024-10-24,28.33
2024-10-23,28.28
2024-10-22,28.33
2024-10-21,28.47
2024-10-18,28.81
2024-10-17,28.81
2024-10-16,28.8
2024-10-15,28.57
2024-10-14,28.69
2024-10-11,28.54
2024-10-10,84.62
2024-10-09,84.95
2024-10-08,84.16
2024-10-07,84.3
2024-10-04,84.65
2024-10-03,84.32
2024-10-02,84.54
2024-10-01,84.48
2024-09-30,84.53
2024-09-27,84.26
2024-09-26,83.74
2024-09-25,83.37
2024-09-24,85.06
2024-09-23,84.93
2024-09-20,84.48
2024-09-19,84.87
2024-09-18,84.14
2024-09-17,84.09
2024-09-16,84.15
2024-09-13,83.36
2024-09-12,82.63
2024-09-11,82.55
2024-09-10,83.06
2024-09-09,82.99
2024-09-06,82.0
2024-09-05,82.71
2024-09-04,83.5
2024-09-03,83.78
2024-08-30,84.53
2024-08-29,83.86
2024-08-28,83.5
2024-08-27,83.48
2024-08-26,83.62
2024-08-23,83.52
2024-08-22,82.34
2024-08-21,82.57
2024-08-20,82.22
2024-08-19,82.44
2024-08-16,81.96
2024-08-15,81.59
2024-08-14,80.74
2024-08-13,80.64
2024-08-12,79.79
2024-08-09,80.17
2024-08-08,80.22
2024-08-07,78.89
2024-08-06,79.38
2024-08-05,78.98
2024-08-02,80.8
2024-08-01,81.76
2024-07-31,82.58
2024-07-30,82.8
2024-07-29,82.15
2024-07-26,82.47
2024-07-25,81.18
2024-07-24,80.7
2024-07-23,80.48
2024-07-22,81.18
2024-07-19,81.11
2024-07-18,81.61
2024-07-17,82.32
2024-07-16,81.26
2024-07-15,79.93
2024-07-12,79.64
2024-07-11,78.82
2024-07-10,77.87
2024-07-09,77.11
2024-07-08,77.09
2024-07-05,77.02
2024-07-03,77.18
2024-07-02,77.45
2024-07-01,77.41
2024-06-28,77.76
2024-06-27,77.27
2024-06-26,77.43
2024-06-25,78.58
2024-06-24,79.21
2024-06-21,78.12
2024-06-20,78.06
2024-06-18,77.64
2024-06-17,77.3
2024-06-14,76.79
2024-06-13,77.11
2024-06-12,77.44
2024-06-11,77.5
2024-06-10,77.77
2024-06-07,77.89
2024-06-06,78.08
2024-06-05,78.15
2024-06-04,78.18
2024-06-03,78.14
2024-05-31,78.57
2024-05-30,77.15
2024-05-29,76.42
2024-05-28,77.44
2024-05-24,78.1
2024-05-23,77.98
2024-05-22,79.2
2024-05-21,79.46
2024-05-20,79.68
2024-05-17,80.08
2024-05-16,80.0
2024-05-15,80.15
2024-05-14,79.69
2024-05-13,79.56
2024-05-10,79.3
2024-05-09,79.16
2024-05-08,78.51
2024-05-07,78.25
2024-05-06,78.13
2024-05-03,77.97
2024-05-02,77.27
2024-05-01,76.89
2024-04-30,76.99
2024-04-29,77.92
2024-04-26,77.48
2024-04-25,77.56
2024-04-24,78.13
2024-04-23,77.77
2024-04-22,77.24
2024-04-19,76.65
2024-04-18,75.81
2024-04-17,75.81
2024-04-16,75.93
2024-04-15,76.42
2024-04-12,76.81
2024-04-11,77.93
2024-04-10,78.13
2024-04-09,79.55
2024-04-08,79.1
2024-04-05,79.01
2024-04-04,78.73
2024-04-03,79.53
2024-04-02,79.73
2024-04-01,80.14
2024-03-28,80.63
2024-03-27,80.23
2024-03-26,78.87
2024-03-25,79.4
2024-03-22,79.38
2024-03-21,79.87
2024-03-20,79.24
2024-03-19,79.07
2024-03-18,78.72
2024-03-15,78.56
2024-03-14,78.83
2024-03-13,79.26
2024-03-12,79.02
2024-03-11,78.88
2024-03-08,78.43
2024-03-07,78.76
2024-03-06,78.38
2024-03-05,78.12
2024-03-04,78.39
2024-03-01,78.15
2024-02-29,77.64
2024-02-28,77.43
2024-02-27,77.54
2024-02-26,77.47
2024-02-23,77.89
2024-02-22,77.8
2024-02-21,77.28
2024-02-20,76.97
2024-02-16,76.98
2024-02-15,77.24
2024-02-14,76.38
2024-02-13,76.08
2024-02-12,77.26
2024-02-09,76.79
2024-02-08,77.07
2024-02-07,76.87
2024-02-06,76.75
2024-02-05,76.38
2024-02-02,77.0
2024-02-01,77.04
2024-01-31,76.24
2024-01-30,77.19
2024-01-29,77.33
2024-01-26,77.02
2024-01-25,77.07
2024-01-24,76.4
2024-01-23,76.94
2024-01-22,76.92
2024-01-19,76.59
2024-01-18,75.7
2024-01-17,75.25
2024-01-16,75.71
2024-01-12,76.27
2024-01-11,76.06
2024-01-10,76.37
2024-01-09,76.41
2024-01-08,76.82
2024-01-05,76.37
2024-01-04,76.12
2024-01-03,76.21
2024-01-02,76.69
2023-12-29,76.13
2023-12-28,76.32
2023-12-27,76.28
2023-12-26,76.22
2023-12-22,75.85
2023-12-21,75.39
2023-12-20,74.83
2023-12-19,75.97
2023-12-18,75.55
2023-12-15,75.45
2023-12-14,75.69
2023-12-13,74.47
2023-12-12,73.26
2023-12-11,73.22
2023-12-08,72.52
2023-12-07,72.4
2023-12-06,72.13
2023-12-05,73.01
2023-12-04,73.44
2023-12-01,73.15
2023-11-30,72.35
2023-11-29,71.83
2023-11-28,71.54
2023-11-27,71.44
2023-11-24,71.8
2023-11-22,71.53
2023-11-21,71.3
2023-11-20,71.49
2023-11-17,71.14
2023-11-16,70.77
2023-11-15,71.34
2023-11-14,70.8
2023-11-13,69.27
2023-11-10,69.44
2023-11-09,68.77
2023-11-08,69.57
2023-11-07,69.7
2023-11-06,69.94
2023-11-03,70.25
2023-11-02,69.67
2023-11-01,68.15
2023-10-31,68.06
2023-10-30,67.69
2023-10-27,66.9
2023-10-26,68.18
2023-10-25,68.54
2023-10-24,69.28
2023-10-23,68.75
2023-10-20,69.29
2023-10-19,69.98
2023-10-18,70.62
2023-10-17,71.43
2023-10-16,71.15
2023-10-13,70.32
2023-10-12,70.47
2023-10-11,70.86
2023-10-10,70.75
2023-10-09,70.4
2023-10-06,69.63
2023-10-05,69.21
2023-10-04,69.45
2023-10-03,69.42
2023-10-02,70.18
2023-09-29,70.76
2023-09-28,71.01
2023-09-27,70.64
2023-09-26,70.63
2023-09-25,71.48
2023-09-22,71.29
2023-09-21,71.43
2023-09-20,72.48
2023-09-19,73.43
2023-09-18,73.62
2023-09-15,73.63
2023-09-14,74.34
2023-09-13,73.55
2023-09-12,73.76
2023-09-11,73.78
2023-09-08,73.67
2023-09-07,73.38
2023-09-06,73.43
2023-09-05,74.01
2023-09-01,74.67
2023-08-31,74.53
2023-08-30,74.59
2023-08-29,74.46
2023-08-28,73.76
2023-08-25,73.34
2023-08-24,73.01
2023-08-23,73.58
2023-08-22,72.96
2023-08-21,73.52
2023-08-18,73.56
2023-08-17,73.38
2023-08-16,73.27
2023-08-15,73.57
2023-08-14,74.45
2023-08-11,74.57
2023-08-10,74.36
2023-08-09,74.35
2023-08-08,74.54
2023-08-07,74.81
2023-08-04,74.16
2023-08-03,74.46
2023-08-02,74.54
2023-08-01,75.32
2023-07-31,75.66
2023-07-28,75.63
2023-07-27,75.16
2023-07-26,75.47
2023-07-25,75.33
2023-07-24,75.41
2023-07-21,74.97
2023-07-20,74.8
2023-07-19,74.5
2023-07-18,73.78
2023-07-17,73.19
2023-07-14,73.38
2023-07-13,73.78
2023-07-12,73.44
2023-07-11,73.22
2023-07-10,72.38
2023-07-07,71.81
2023-07-06,71.94
2023-07-05,72.73
2023-07-03,73.05
2023-06-30,72.62
2023-06-29,72.01
2023-06-28,71.52
2023-06-27,71.68
2023-06-26,71.07
2023-06-23,70.71
2023-06-22,71.42
2023-06-21,71.73
2023-06-20,72.64
2023-06-16,73.34
2023-06-15,73.36
2023-06-14,72.42
2023-06-13,72.58
2023-06-12,72.13
2023-06-09,71.73
2023-06-08,71.91
2023-06-07,71.8
2023-06-06,70.99
2023-06-05,70.79
2023-06-02,71.24
2023-06-01,69.87
2023-05-31,69.59
2023-05-30,70.17
2023-05-26,70.43
2023-05-25,69.64
2023-05-24,69.91
2023-05-23,70.58
2023-05-22,70.6
2023-05-19,70.59
2023-05-18,70.52
2023-05-17,70.17
2023-05-16,69.18
2023-05-15,70.2
2023-05-12,70.05
2023-05-11,69.91
2023-05-10,70.22
2023-05-09,70.36
2023-05-08,70.62
2023-05-05,70.99
2023-05-04,69.82
2023-05-03,70.48
2023-05-02,71.11
2023-05-01,72.63
2023-04-28,72.57
2023-04-27,71.82
2023-04-26,71.09
2023-04-25,72.16
2023-04-24,73.31
2023-04-21,73.16
2023-04-20,73.31
2023-04-19,73.77
2023-04-18,73.94
2023-04-17,73.92
2023-04-14,73.58
2023-04-13,73.74
2023-04-12,73.23
2023-04-11,73.54
2023-04-10,73.23
2023-04-06,72.96
2023-04-05,73.02
2023-04-04,72.85
2023-04-03,73.56
2023-03-31,73.16
2023-03-30,72.3
2023-03-29,72.09
2023-03-28,71.25
2023-03-27,71.14
2023-03-24,70.84
2023-03-23,70.28
2023-03-22,70.34
2023-03-21,72.33
2023-03-20,71.57
2023-03-17,70.51
2023-03-16,71.65
2023-03-15,70.97
2023-03-14,71.56
2023-03-13,70.93
2023-03-10,71.96
2023-03-09,72.84
2023-03-08,74.24
2023-03-07,74.34
2023-03-06,75.54
2023-03-03,75.57
2023-03-02,74.79
2023-03-01,74.52
2023-02-28,74.55
2023-02-27,74.87
2023-02-24,74.86
2023-02-23,75.37
2023-02-22,75.14
2023-02-21,75.45
2023-02-17,76.91
2023-02-16,76.75
2023-02-15,77.29
2023-02-14,77.14
2023-02-13,77.65
2023-02-10,76.8
2023-02-09,76.1
2023-02-08,76.76
2023-02-07,77.41
2023-02-06,77.01
2023-02-03,77.41
2023-02-02,78.03
2023-02-01,77.47
2023-01-31,77.11
2023-01-30,76.05
2023-01-27,76.36
2023-01-26,76.48
2023-01-25,76.49
2023-01-24,76.48
2023-01-23,76.54
2023-01-20,75.94
2023-01-19,75.04
2023-01-18,75.69
2023-01-17,77.17
2023-01-13,77.95
2023-01-12,77.88
2023-01-11,77.75
2023-01-10,77.46
2023-01-09,77.07
2023-01-06,77.63
2023-01-05,75.74
2023-01-04,76.19
2023-01-03,75.44
2022-12-30,75.54
2022-12-29,75.77
2022-12-28,74.92
2022-12-27,75.85
2022-12-23,75.59
2022-12-22,75.09
2022-12-21,75.74
2022-12-20,74.69
2022-12-19,74.58
2022-12-16,74.83
2022-12-15,75.48
2022-12-14,77.03
2022-12-13,77.35
2022-12-12,76.97
2022-12-09,76.01
2022-12-08,76.49
2022-12-07,76.03
2022-12-06,76.72
2022-12-05,77.65
2022-12-02,79.01
2022-12-01,79.06
2022-11-30,78.93
2022-11-29,77.55
2022-11-28,77.32
2022-11-25,78.44
2022-11-23,78.26
2022-11-22,78.29
2022-11-21,77.15
2022-11-18,76.94
2022-11-17,76.44
2022-11-16,76.17
2022-11-15,76.73
2022-11-14,76.47
2022-11-11,76.92
2022-11-10,76.72
2022-11-09,73.77
2022-11-08,75.05
2022-11-07,74.24
2022-11-04,73.47
2022-11-03,72.14
2022-11-02,72.72
2022-11-01,74.07
2022-10-31,73.88
2022-10-28,74.2
2022-10-27,72.52
2022-10-26,72.38
2022-10-25,72.06
2022-10-24,71.35
2022-10-21,70.1
2022-10-20,68.53
2022-10-19,69.22
2022-10-18,69.99
2022-10-17,69.06
2022-10-14,67.94
2022-10-13,69.13
2022-10-12,67.16
2022-10-11,67.22
2022-10-10,67.37
2022-10-07,67.59
2022-10-06,68.97
2022-10-05,69.87
2022-10-04,69.99
2022-10-03,68.21
2022-09-30,66.43
2022-09-29,67.23
2022-09-28,68.27
2022-09-27,67.01
2022-09-26,67.32
2022-09-23,68.07
2022-09-22,69.18
2022-09-21,69.41
2022-09-20,71.01
2022-09-19,71.76
2022-09-16,71.19
2022-09-15,71.19
2022-09-14,71.76
2022-09-13,71.7
2022-09-12,74.57
2022-09-09,74.27
2022-09-08,73.41
2022-09-07,72.83
2022-09-06,71.78
2022-09-02,72.03
2022-09-01,72.69
2022-08-31,72.4
2022-08-30,73.01
2022-08-29,73.79
2022-08-26,74.27
2022-08-25,76.52
2022-08-24,75.68
2022-08-23,75.65
2022-08-22,75.8
2022-08-19,77.23
2022-08-18,77.84
2022-08-17,77.37
2022-08-16,77.87
2022-08-15,77.4
2022-08-12,77.24
2022-08-11,76.09
2022-08-10,75.95
2022-08-09,74.66
2022-08-08,74.69
2022-08-05,74.61
2022-08-04,74.4
2022-08-03,74.6
2022-08-02,73.83
2022-08-01,74.5
2022-07-29,74.43
2022-07-28,73.83
2022-07-27,73.34
2022-07-26,72.31
2022-07-25,72.52
2022-07-22,72.18
2022-07-21,72.49
2022-07-20,72.43
2022-07-19,72.6
2022-07-18,71.25
2022-07-15,71.81
2022-07-14,70.79
2022-07-13,71.28
2022-07-12,71.81
2022-07-11,72.1
2022-07-08,72.5
2022-07-07,72.64
2022-07-06,71.84
2022-07-05,71.65
2022-07-01,72.17
2022-06-30,71.63
2022-06-29,71.85
2022-06-28,72.26
2022-06-27,73.02
2022-06-24,73.01
2022-06-23,71.11
2022-06-22,70.9
2022-06-21,71.97
2022-06-17,70.31
2022-06-16,70.59
2022-06-15,72.39
2022-06-14,72.15
2022-06-13,72.58
2022-06-10,74.7
2022-06-09,76.27
2022-06-08,77.69
2022-06-07,78.88
2022-06-06,78.13
2022-06-03,78.05
2022-06-02,78.59
2022-06-01,77.93
2022-05-31,78.59
2022-05-27,79.12
2022-05-26,77.91
2022-05-25,76.87
2022-05-24,76.11
2022-05-23,75.67
2022-05-20,74.73
2022-05-19,74.4
2022-05-18,75.52
2022-05-17,77.95
2022-05-16,76.56
2022-05-13,76.3
2022-05-12,75.46
2022-05-11,75.01
2022-05-10,75.61
2022-05-09,75.99
2022-05-06,77.03
2022-05-05,76.85
2022-05-04,78.81
2022-05-03,76.5
2022-05-02,75.93
2022-04-29,75.64
2022-04-28,77.8
2022-04-27,76.71
2022-04-26,76.59
2022-04-25,77.92
2022-04-22,77.76
2022-04-21,79.55
2022-04-20,80.24
2022-04-19,79.43
2022-04-18,78.57
2022-04-14,78.7
2022-04-13,79.15
2022-04-12,78.67
2022-04-11,78.9
2022-04-08,79.46
2022-04-07,79.29
2022-04-06,78.97
2022-04-05,78.87
2022-04-04,79.34
2022-04-01,79.23
2022-03-31,78.89
2022-03-30,79.85
2022-03-29,80.06
2022-03-28,79.3
2022-03-25,79.46
2022-03-24,78.7
2022-03-23,77.96
2022-03-22,79.44
2022-03-21,78.89
2022-03-18,78.76
2022-03-17,78.59
2022-03-16,77.9
2022-03-15,77.12
2022-03-14,76.13
2022-03-11,75.7
2022-03-10,76.13
2022-03-09,76.64
2022-03-08,75.48
2022-03-07,76.26
2022-03-04,77.64
2022-03-03,77.79
2022-03-02,77.5
2022-03-01,75.73
2022-02-28,77.1
2022-02-25,77.42
2022-02-24,75.14
2022-02-23,75.67
2022-02-22,76.64
2022-02-18,77.34
2022-02-17,77.27
2022-02-16,78.14
2022-02-15,78.04
2022-02-14,77.27
2022-02-11,77.87
2022-02-10,78.41
2022-02-09,79.75
2022-02-08,79.38
2022-02-07,78.74
2022-02-04,78.54
2022-02-03,78.85
2022-02-02,79.73
2022-02-01,79.09
2022-01-31,78.62
2022-01-28,78.07
2022-01-27,77.1
2022-01-26,77.41
2022-01-25,78.03
2022-01-24,77.98
2022-01-21,77.66
2022-01-20,78.71
2022-01-19,79.83
2022-01-18,80.76
2022-01-14,81.71
2022-01-13,81.79
2022-01-12,81.9
2022-01-11,81.94
2022-01-10,81.65
2022-01-07,81.65
2022-01-06,81.51
2022-01-05,81.27
2022-01-04,81.79
2022-01-03,80.81
2021-12-31,80.83
2021-12-30,80.71
2021-12-29,80.86
2021-12-28,80.7
2021-12-27,80.54
2021-12-23,79.6
2021-12-22,79.15
2021-12-21,78.71
2021-12-20,78.09
2021-12-17,78.61
2021-12-16,79.56
2021-12-15,78.99
2021-12-14,77.97
2021-12-13,78.02
2021-12-10,78.28
2021-12-09,77.46
2021-12-08,77.63
2021-12-07,78.43
2021-12-06,77.6
2021-12-03,76.84
2021-12-02,76.7
2021-12-01,75.57
2021-11-30,75.92
2021-11-29,77.55
2021-11-26,77.29
2021-11-24,78.73
2021-11-23,78.97
2021-11-22,78.53
2021-11-19,78.16
2021-11-18,78.66
2021-11-17,78.97
2021-11-16,79.28
2021-11-15,79.19
2021-11-12,79.14
2021-11-11,78.92
2021-11-10,78.78
2021-11-09,78.68
2021-11-08,78.83
2021-11-05,78.89
2021-11-04,78.41
2021-11-03,78.67
2021-11-02,78.21
2021-11-01,77.68
2021-10-29,77.51
2021-10-28,77.54
2021-10-27,76.91
2021-10-26,77.98
2021-10-25,78.19
2021-10-22,78.0
2021-10-21,77.79
2021-10-20,78.18
2021-10-19,77.43
2021-10-18,76.75
2021-10-15,77.0
2021-10-14,76.66
2021-10-13,75.5
2021-10-12,75.31
2021-10-11,75.68
2021-10-08,76.05
2021-10-07,76.07
2021-10-06,75.5
2021-10-05,75.38
2021-10-04,74.93
2021-10-01,75.23
2021-09-30,74.24
2021-09-29,75.39
2021-09-28,75.03
2021-09-27,75.93
2021-09-24,75.44
2021-09-23,75.29
2021-09-22,74.29
2021-09-21,74.23
2021-09-20,74.5
2021-09-17,75.55
2021-09-16,76.04
2021-09-15,76.55
2021-09-14,75.87
2021-09-13,76.4
2021-09-10,76.03
2021-09-09,76.39
2021-09-08,76.8
2021-09-07,76.76
2021-09-03,77.79
2021-09-02,77.83
2021-09-01,77.34
2021-08-31,77.7
2021-08-30,77.64
2021-08-27,77.74
2021-08-26,77.1
2021-08-25,77.49
2021-08-24,77.34
2021-08-23,77.4
2021-08-20,76.92
2021-08-19,76.5
2021-08-18,76.49
2021-08-17,77.6
2021-08-16,78.13
2021-08-13,77.83
2021-08-12,77.67
2021-08-11,77.6
2021-08-10,77.19
2021-08-09,76.5
2021-08-06,76.56
2021-08-05,76.32
2021-08-04,75.9
2021-08-03,76.87
2021-08-02,75.98
2021-07-30,76.11
2021-07-29,76.31
2021-07-28,75.84
2021-07-27,75.94
2021-07-26,76.0
2021-07-23,75.81
2021-07-22,75.22
2021-07-21,75.8
2021-07-20,75.22
2021-07-19,74.23
2021-07-16,75.45
2021-07-15,76.04
2021-07-14,75.89
2021-07-13,75.8
2021-07-12,76.21
2021-07-09,76.03
2021-07-08,74.92
2021-07-07,75.6
2021-07-06,75.26
2021-07-02,76.07
2021-07-01,75.97
2021-06-30,75.62
2021-06-29,75.22
2021-06-28,75.3
2021-06-25,75.52
2021-06-24,75.03
2021-06-23,74.53
2021-06-22,75.41
2021-06-21,75.31
2021-06-18,73.97
2021-06-17,75.32
2021-06-16,76.33
2021-06-15,76.91
2021-06-14,76.95
2021-06-11,77.33
2021-06-10,77.21
2021-06-09,76.99
2021-06-08,77.23
2021-06-07,77.31
2021-06-04,77.65
2021-06-03,77.16
2021-06-02,77.21
2021-06-01,76.98
2021-05-28,76.93
2021-05-27,76.8
2021-05-26,76.5
2021-05-25,76.51
2021-05-24,77.05
2021-05-21,76.81
2021-05-20,76.7
2021-05-19,76.25
2021-05-18,76.56
2021-05-17,77.41
2021-05-14,77.36
2021-05-13,76.66
2021-05-12,75.33
2021-05-11,76.69
2021-05-10,77.49
2021-05-07,77.41
2021-05-06,77.08
2021-05-05,76.12
2021-05-04,75.75
2021-05-03,75.29
2021-04-30,74.53
2021-04-29,74.91
2021-04-28,74.28
2021-04-27,74.73
2021-04-26,74.82
2021-04-23,74.96
2021-04-22,74.29
2021-04-21,75.24
2021-04-20,74.4
2021-04-19,74.85
2021-04-16,75.19
2021-04-15,74.57
2021-04-14,74.23
2021-04-13,74.04
2021-04-12,74.46
2021-04-09,74.26
2021-04-08,73.84
2021-04-07,73.81
2021-04-06,73.98
2021-04-05,74.25
2021-04-01,73.32
2021-03-31,72.92
2021-03-30,73.2
2021-03-29,73.54
2021-03-26,73.67
2021-03-25,72.0
2021-03-24,71.07
2021-03-23,71.43
2021-03-22,72.23
2021-03-19,71.98
2021-03-18,72.25
2021-03-17,72.35
2021-03-16,72.03
2021-03-15,72.63
2021-03-12,72.55
2021-03-11,71.88
2021-03-10,71.87
2021-03-09,70.7
2021-03-08,71.1
2021-03-05,70.17
2021-03-04,68.34
2021-03-03,69.03
2021-03-02,68.85
2021-03-01,69.1
2021-02-26,67.41
2021-02-25,68.29
2021-02-24,69.7
2021-02-23,68.52
2021-02-22,68.36
2021-02-19,67.79
2021-02-18,67.23
2021-02-17,67.46
2021-02-16,67.37
2021-02-12,67.02
2021-02-11,66.7
2021-02-10,66.94
2021-02-09,66.89
2021-02-08,66.82
2021-02-05,66.03
2021-02-04,65.72
2021-02-03,65.17
2021-02-02,64.92
2021-02-01,64.23
2021-01-29,63.56
2021-01-28,64.98
2021-01-27,64.5
2021-01-26,65.76
2021-01-25,65.84
2021-01-22,65.72
2021-01-21,66.21
2021-01-20,66.39
2021-01-19,66.3
2021-01-15,65.87
2021-01-14,66.67
2021-01-13,66.35
2021-01-12,66.6
2021-01-11,66.01
2021-01-08,65.74
2021-01-07,65.94
2021-01-06,65.5
2021-01-05,63.74
2021-01-04,63.23
2020-12-31,64.14
2020-12-30,63.77
2020-12-29,63.49
2020-12-28,63.86
2020-12-24,63.83
2020-12-23,63.72
2020-12-22,63.15
2020-12-21,63.5
2020-12-18,63.94
2020-12-17,64.13
2020-12-16,63.99
2020-12-15,63.92
2020-12-14,63.08
2020-12-11,63.9
2020-12-10,64.26
2020-12-09,65.16
2020-12-08,65.1
2020-12-07,64.69
2020-12-04,65.12
2020-12-03,64.07
2020-12-02,63.93
2020-12-01,63.64
2020-11-30,62.82
2020-11-27,63.68
2020-11-25,63.81
2020-11-24,64.41
2020-11-23,62.85
2020-11-20,61.86
2020-11-19,62.29
2020-11-18,62.1
2020-11-17,62.75
2020-11-16,62.88
2020-11-13,61.51
2020-11-12,60.36
2020-11-11,61.42
2020-11-10,61.43
2020-11-09,60.79
2020-11-06,58.03
2020-11-05,58.43
2020-11-04,57.07
2020-11-03,57.76
2020-11-02,56.75
2020-10-30,55.51
2020-10-29,55.52
2020-10-28,54.8
2020-10-27,56.54
2020-10-26,57.36
2020-10-23,58.7
2020-10-22,58.38
2020-10-21,57.72
2020-10-20,58.14
2020-10-19,57.98
2020-10-16,58.73
2020-10-15,58.63
2020-10-14,58.33
2020-10-13,58.36
2020-10-12,58.85
2020-10-09,58.48
2020-10-08,58.37
2020-10-07,57.51
2020-10-06,56.36
2020-10-05,56.73
2020-10-02,55.52
2020-10-01,55.27
2020-09-30,55.3
2020-09-29,54.92
2020-09-28,55.46
2020-09-25,54.27
2020-09-24,53.71
2020-09-23,53.53
2020-09-22,55.14
2020-09-21,55.14
2020-09-18,56.6
2020-09-17,57.12
2020-09-16,57.26
2020-09-15,56.9
2020-09-14,56.99
2020-09-11,56.15
2020-09-10,55.76
2020-09-09,56.6
2020-09-08,55.94
2020-09-04,57.33
2020-09-03,57.23
2020-09-02,58.54
2020-09-01,57.46
2020-08-31,57.28
2020-08-28,57.87
2020-08-27,57.37
2020-08-26,57.02
2020-08-25,57.22
2020-08-24,57.52
2020-08-21,56.35
2020-08-20,56.4
2020-08-19,56.75
2020-08-18,56.92
2020-08-17,57.17
2020-08-14,57.43
2020-08-13,57.21
2020-08-12,57.59
2020-08-11,57.26
2020-08-10,56.96
2020-08-07,56.24
2020-08-06,55.44
2020-08-05,55.52
2020-08-04,54.92
2020-08-03,54.72
2020-07-31,54.49
2020-07-30,54.66
2020-07-29,54.69
2020-07-28,53.9
2020-07-27,54.22
2020-07-24,53.84
2020-07-23,54.08
2020-07-22,54.02
2020-07-21,53.68
2020-07-20,52.88
2020-07-17,53.35
2020-07-16,53.43
2020-07-15,53.33
2020-07-14,52.33
2020-07-13,51.7
2020-07-10,51.49
2020-07-09,50.37
2020-07-08,51.47
2020-07-07,51.38
2020-07-06,52.21
2020-07-02,51.69
2020-07-01,51.26
2020-06-30,51.75
2020-06-29,51.09
2020-06-26,50.03
2020-06-25,51.34
2020-06-24,50.67
2020-06-23,52.79
2020-06-22,52.63
2020-06-19,52.94
2020-06-18,53.27
2020-06-17,53.32
2020-06-16,53.6
2020-06-15,52.54
2020-06-12,52.16
2020-06-11,51.68
2020-06-10,55.06
2020-06-09,55.77
2020-06-08,56.5
2020-06-05,55.7
2020-06-04,54.26
2020-06-03,54.1
2020-06-02,53.24
2020-06-01,52.46
2020-05-29,52.52
2020-05-28,52.45
2020-05-27,52.74
2020-05-26,51.61
2020-05-22,50.71
2020-05-21,50.65
2020-05-20,51.08
2020-05-19,50.46
2020-05-18,51.29
2020-05-15,49.56
2020-05-14,49.46
2020-05-13,48.87
2020-05-12,49.76
2020-05-11,50.78
2020-05-08,50.81
2020-05-07,49.64
2020-05-06,49.44
2020-05-05,49.82
2020-05-04,49.41
2020-05-01,49.32
2020-04-30,50.65
2020-04-29,51.63
2020-04-28,50.8
2020-04-27,50.42
2020-04-24,49.51
2020-04-23,48.65
2020-04-22,48.62
2020-04-21,47.75
2020-04-20,48.93
2020-04-17,49.9
2020-04-16,48.39
2020-04-15,48.2
2020-04-14,49.59
2020-04-13,48.23
2020-04-09,48.72
2020-04-08,48.25
2020-04-07,46.8
2020-04-06,46.77
2020-04-03,44.3
2020-04-02,44.78
2020-04-01,43.56
2020-03-31,44.98
2020-03-30,45.74
2020-03-27,44.41
2020-03-26,45.47
2020-03-25,42.62
2020-03-24,42.67
2020-03-23,39.5
2020-03-20,40.54
2020-03-19,42.94
2020-03-18,43.85
2020-03-17,46.06
2020-03-16,42.67
2020-03-13,47.38
2020-03-12,43.55
2020-03-11,48.36
2020-03-10,50.69
2020-03-09,48.46
2020-03-06,52.22
2020-03-05,53.11
2020-03-04,54.83
2020-03-03,52.46
2020-03-02,53.81
2020-02-28,51.58
2020-02-27,52.19
2020-02-26,54.53
2020-02-25,54.81
2020-02-24,56.4
2020-02-21,58.2
2020-02-20,58.62
2020-02-19,58.75
2020-02-18,58.5
2020-02-14,58.85
2020-02-13,58.93
2020-02-12,59.12
2020-02-11,58.96
2020-02-10,58.75
2020-02-07,58.48
2020-02-06,58.98
2020-02-05,58.88
2020-02-04,57.75
2020-02-03,57.06
2020-01-31,56.9
2020-01-30,57.94
2020-01-29,57.91
2020-01-28,58.32
2020-01-27,58.01
2020-01-24,58.84
2020-01-23,59.28
2020-01-22,59.21
2020-01-21,58.99
2020-01-17,59.15
2020-01-16,58.93
2020-01-15,58.5
2020-01-14,58.4
2020-01-13,58.42
2020-01-10,57.99
2020-01-09,58.15
2020-01-08,57.78
2020-01-07,57.56
2020-01-06,57.64
2020-01-03,57.65
2020-01-02,58.07
2019-12-31,57.92
2019-12-30,57.79
2019-12-27,58.15
2019-12-26,58.08
2019-12-24,57.97
2019-12-23,58.01
2019-12-20,58.06
2019-12-19,57.57
2019-12-18,57.48
2019-12-17,57.59
2019-12-16,57.58
2019-12-13,57.38
2019-12-12,57.51
2019-12-11,57.41
2019-12-10,57.23
2019-12-09,57.42
2019-12-06,57.34
2019-12-05,56.81
2019-12-04,56.74
2019-12-03,56.28
2019-12-02,56.83
2019-11-29,57.09
2019-11-27,57.33
2019-11-26,57.12
2019-11-25,56.95
2019-11-22,56.61
2019-11-21,56.48
2019-11-20,56.47
2019-11-19,56.66
2019-11-18,57.01
2019-11-15,57.01
2019-11-14,56.68
2019-11-13,56.59
2019-11-12,56.66
2019-11-11,56.65
2019-11-08,56.95
2019-11-07,56.84
2019-11-06,56.56
2019-11-05,56.38
2019-11-04,56.4
2019-11-01,56.09
2019-10-31,55.52
2019-10-30,55.88
2019-10-29,55.79
2019-10-28,55.78
2019-10-25,55.5
2019-10-24,55.08
2019-10-23,55.13
2019-10-22,55.21
2019-10-21,55.12
2019-10-18,54.74
2019-10-17,54.76
2019-10-16,54.62
2019-10-15,54.75
2019-10-14,54.35
2019-10-11,54.47
2019-10-10,53.76
2019-10-09,53.33
2019-10-08,52.87
2019-10-07,53.73
2019-10-04,54.13
2019-10-03,53.39
2019-10-02,52.97
2019-10-01,54.07
2019-09-30,54.78
2019-09-27,54.51
2019-09-26,54.43
2019-09-25,54.39
2019-09-24,54.62
2019-09-23,55.01
2019-09-20,54.87
2019-09-19,55.14
2019-09-18,55.3
2019-09-17,55.33
2019-09-16,55.31
2019-09-13,55.65
2019-09-12,55.76
2019-09-11,55.54
2019-09-10,55.16
2019-09-09,54.83
2019-09-06,54.47
2019-09-05,54.28
2019-09-04,53.6
2019-09-03,52.96
2019-08-30,53.25
2019-08-29,53.13
2019-08-28,52.6
2019-08-27,52.05
2019-08-26,52.21
2019-08-23,51.71
2019-08-22,53.13
2019-08-21,52.97
2019-08-20,52.5
2019-08-19,52.82
2019-08-16,52.14
2019-08-15,51.24
2019-08-14,51.13
2019-08-13,52.46
2019-08-12,51.75
2019-08-09,52.3
2019-08-08,52.91
2019-08-07,52.01
2019-08-06,51.85
2019-08-05,51.41
2019-08-02,52.9
2019-08-01,53.18
2019-07-31,53.95
2019-07-30,54.81
2019-07-29,55.02
2019-07-26,55.04
2019-07-25,54.78
2019-07-24,54.84
2019-07-23,54.3
2019-07-22,53.72
2019-07-19,53.75
2019-07-18,53.87
2019-07-17,53.69
2019-07-16,54.12
2019-07-15,54.15
2019-07-12,54.07
2019-07-11,53.62
2019-07-10,53.46
2019-07-09,53.31
2019-07-08,53.54
2019-07-05,53.75
2019-07-03,53.91
2019-07-02,53.49
2019-07-01,53.51
2019-06-28,53.07
2019-06-27,52.87
2019-06-26,52.73
2019-06-25,53.15
2019-06-24,53.45
2019-06-21,53.64
2019-06-20,53.7
2019-06-19,53.17
2019-06-18,53.06
2019-06-17,52.58
2019-06-14,52.72
2019-06-13,52.9
2019-06-12,52.55
2019-06-11,52.7
2019-06-10,52.59
2019-06-07,52.39
2019-06-06,52.05
2019-06-05,51.67
2019-06-04,51.47
2019-06-03,50.44
2019-05-31,49.86
2019-05-30,50.59
2019-05-29,50.48
2019-05-28,50.6
2019-05-24,51.4
2019-05-23,51.43
2019-05-22,51.93
2019-05-21,52.13
2019-05-20,51.75
2019-05-17,52.04
2019-05-16,52.33
2019-05-15,52.18
2019-05-14,51.91
2019-05-13,51.55
2019-05-10,52.67
2019-05-09,52.39
2019-05-08,52.66
2019-05-07,52.77
2019-05-06,53.66
2019-05-03,53.99
2019-05-02,53.55
2019-05-01,53.49
2019-04-30,53.96
2019-04-29,53.65
2019-04-26,53.74
2019-04-25,53.72
2019-04-24,54.55
2019-04-23,54.6
2019-04-22,54.23
2019-04-18,54.21
2019-04-17,54.22
2019-04-16,54.07
2019-04-15,53.65
2019-04-12,53.6
2019-04-11,53.26
2019-04-10,53.1
2019-04-09,53.03
2019-04-08,53.49
2019-04-05,53.3
2019-04-04,53.1
2019-04-03,52.81
2019-04-02,52.72
2019-04-01,52.88
2019-03-29,52.28
2019-03-28,52.0
2019-03-27,51.89
2019-03-26,52.09
2019-03-25,51.5
2019-03-22,51.61
2019-03-21,52.36
2019-03-20,51.79
2019-03-19,52.47
2019-03-18,52.53
2019-03-15,52.27
2019-03-14,51.99
2019-03-13,52.14
2019-03-12,51.81
2019-03-11,51.74
2019-03-08,51.02
2019-03-07,51.17
2019-03-06,51.52
2019-03-05,51.72
2019-03-04,51.84
2019-03-01,52.04
2019-02-28,51.83
2019-02-27,51.84
2019-02-26,51.97
2019-02-25,52.09
2019-02-22,52.09
2019-02-21,51.72
2019-02-20,51.91
2019-02-19,51.92
2019-02-15,51.72
2019-02-14,51.13
2019-02-13,51.29
2019-02-12,51.0
2019-02-11,50.28
2019-02-08,50.18
2019-02-07,50.18
2019-02-06,50.53
2019-02-05,50.35
2019-02-04,50.22
2019-02-01,49.93
2019-01-31,49.81
2019-01-30,49.34
2019-01-29,48.88
2019-01-28,48.82
2019-01-25,49.1
2019-01-24,48.92
2019-01-23,48.77
2019-01-22,48.58
2019-01-18,49.24
2019-01-17,48.44
2019-01-16,48.1
2019-01-15,48.27
2019-01-14,48.18
2019-01-11,48.4
2019-01-10,48.34
2019-01-09,48.13
2019-01-08,48.09
2019-01-07,47.64
2019-01-04,47.32
2019-01-03,46.05
2019-01-02,46.97
2018-12-31,46.97
2018-12-28,46.58
2018-12-27,46.69
2018-12-26,46.13
2018-12-24,44.23
2018-12-21,45.51
2018-12-20,46.04
2018-12-19,46.66
2018-12-18,47.38
2018-12-17,47.45
2018-12-14,48.47
2018-12-13,49.11
2018-12-12,49.04
2018-12-11,49.4
2018-12-10,49.32
2018-12-07,49.24
2018-12-06,50.23
2018-12-04,50.42
2018-12-03,51.8
2018-11-30,51.55
2018-11-29,51.0
2018-11-28,51.1
2018-11-27,50.31
2018-11-26,49.94
2018-11-23,49.41
2018-11-21,49.64
2018-11-20,49.58
2018-11-19,50.6
2018-11-16,51.03
2018-11-15,50.89
2018-11-14,50.53
2018-11-13,50.77
2018-11-12,50.81
2018-11-09,51.52
2018-11-08,51.82
2018-11-07,51.84
2018-11-06,51.2
2018-11-05,50.86
2018-11-02,50.29
2018-11-01,50.45
2018-10-31,49.87
2018-10-30,50.07
2018-10-29,49.1
2018-10-26,48.97
2018-10-25,49.56
2018-10-24,49.05
2018-10-23,50.2
2018-10-22,50.41
2018-10-19,50.56
2018-10-18,50.44
2018-10-17,50.99
2018-10-16,51.24
2018-10-15,50.44
2018-10-12,50.5
2018-10-11,50.13
2018-10-10,51.44
2018-10-09,52.76
2018-10-08,52.95
2018-10-05,52.69
2018-10-04,53.02
2018-10-03,53.28
2018-10-02,53.31
2018-10-01,53.15
2018-09-28,53.0
2018-09-27,52.91
2018-09-26,52.93
2018-09-25,53.0
2018-09-24,53.71
2018-09-21,54.15
2018-09-20,54.04
2018-09-19,53.64
2018-09-18,53.69
2018-09-17,53.42
2018-09-14,53.46
2018-09-13,53.4
2018-09-12,53.2
2018-09-11,53.08
2018-09-10,53.16
2018-09-07,52.96
2018-09-06,53.1
2018-09-05,53.09
2018-09-04,52.69
2018-08-31,52.71
2018-08-30,52.65
2018-08-29,52.93
2018-08-28,52.84
2018-08-27,52.83
2018-08-24,52.56
2018-08-23,52.38
2018-08-22,52.42
2018-08-21,52.6
2018-08-20,52.49
2018-08-17,52.36
2018-08-16,52.08
2018-08-15,51.48
2018-08-14,51.55
2018-08-13,51.25
2018-08-10,51.47
2018-08-09,51.8
2018-08-08,51.93
2018-08-07,51.97
2018-08-06,51.8
2018-08-03,51.72
2018-08-02,51.34
2018-08-01,51.1
2018-07-31,51.53
2018-07-30,51.07
2018-07-27,51.1
2018-07-26,51.34
2018-07-25,51.03
2018-07-24,50.73
2018-07-23,50.57
2018-07-20,50.6
2018-07-19,50.67
2018-07-18,50.64
2018-07-17,50.59
2018-07-16,50.44
2018-07-13,50.58
2018-07-12,50.37
2018-07-11,50.12
2018-07-10,50.57
2018-07-09,50.16
2018-07-06,49.85
2018-07-05,49.64
2018-07-03,49.12
2018-07-02,49.21
2018-06-29,49.29
2018-06-28,49.27
2018-06-27,49.08
2018-06-26,49.44
2018-06-25,49.96
2018-06-22,50.34
2018-06-21,50.11
2018-06-20,50.34
2018-06-19,50.35
2018-06-18,50.48
2018-06-15,50.92
2018-06-14,50.74
2018-06-13,50.74
2018-06-12,51.01
2018-06-11,50.98
2018-06-08,50.88
2018-06-07,50.65
2018-06-06,50.51
2018-06-05,50.2
2018-06-04,50.08
2018-06-01,49.82
2018-05-31,49.35
2018-05-30,49.92
2018-05-29,49.22
2018-05-25,49.6
2018-05-24,49.64
2018-05-23,49.7
2018-05-22,49.6
2018-05-21,49.85
2018-05-18,49.39
2018-05-17,49.54
2018-05-16,49.45
2018-05-15,49.1
2018-05-14,49.4
2018-05-11,49.2
2018-05-10,48.99
2018-05-09,48.5
2018-05-08,48.18
2018-05-07,48.18
2018-05-04,48.24
2018-05-03,47.61
2018-05-02,47.73
2018-05-01,48.22
2018-04-30,48.48
2018-04-27,48.94
2018-04-26,48.86
2018-04-25,48.46
2018-04-24,48.21
2018-04-23,48.68
2018-04-20,48.65
2018-04-19,49.13
2018-04-18,49.77
2018-04-17,49.94
2018-04-16,49.64
2018-04-13,49.14
2018-04-12,49.2
2018-04-11,48.93
2018-04-10,49.09
2018-04-09,48.37
2018-04-06,48.36
2018-04-05,49.35
2018-04-04,49.1
2018-04-03,48.53
2018-04-02,47.87
2018-03-29,49.03
2018-03-28,48.42
2018-03-27,48.25
2018-03-26,48.74
2018-03-23,47.58
2018-03-22,48.52
2018-03-21,49.6
2018-03-20,49.78
2018-03-19,49.77
2018-03-16,50.39
2018-03-15,50.46
2018-03-14,50.44
2018-03-13,50.91
2018-03-12,51.11
2018-03-09,51.4
2018-03-08,50.68
2018-03-07,50.47
2018-03-06,50.58
2018-03-05,50.54
2018-03-02,50.02
2018-03-01,49.87
2018-02-28,50.49
2018-02-27,51.14
2018-02-26,51.67
2018-02-23,50.97
2018-02-22,50.25
2018-02-21,50.05
2018-02-20,50.5
2018-02-16,51.1
2018-02-15,51.04
2018-02-14,50.45
2018-02-13,50.16
2018-02-12,50.12
2018-02-09,49.44
2018-02-08,48.78
2018-02-07,50.63
2018-02-06,50.74
2018-02-05,49.9
2018-02-02,52.17
2018-02-01,53.33
2018-01-31,53.5
2018-01-30,53.5
2018-01-29,54.19
2018-01-26,54.58
2018-01-25,53.67
2018-01-24,53.58
2018-01-23,53.71
2018-01-22,53.84
2018-01-19,53.41
2018-01-18,53.24
2018-01-17,53.39
2018-01-16,52.6
2018-01-12,52.69
2018-01-11,52.39
2018-01-10,52.02
2018-01-09,52.17
2018-01-08,52.16
2018-01-05,52.05
2018-01-04,51.73
2018-01-03,51.48
2018-01-02,51.33
2017-12-29,51.17
2017-12-28,51.3
2017-12-27,51.27
2017-12-26,51.2
2017-12-22,51.17
2017-12-21,51.11
2017-12-20,51.2
2017-12-19,51.2
2017-12-18,51.17
2017-12-15,51.16
2017-12-14,50.78
2017-12-13,50.99
2017-12-12,50.83
2017-12-11,50.77
2017-12-08,50.62
2017-12-07,50.44
2017-12-06,50.47
2017-12-05,50.43
2017-12-04,50.65
2017-12-01,50.45
2017-11-30,50.53
2017-11-29,50.06
2017-11-28,49.86
2017-11-27,49.34
2017-11-24,49.29
2017-11-22,49.2
2017-11-21,49.31
2017-11-20,49.03
2017-11-17,48.87
2017-11-16,49.05
2017-11-15,48.56
2017-11-14,48.93
2017-11-13,48.87
2017-11-10,48.68
2017-11-09,48.67
2017-11-08,48.89
2017-11-07,48.74
2017-11-06,48.62
2017-11-03,48.77
2017-11-02,48.71
2017-11-01,48.67
2017-10-31,48.49
2017-10-30,48.47
2017-10-27,48.81
2017-10-26,48.49
2017-10-25,48.33
2017-10-24,48.56
2017-10-23,48.5
2017-10-20,48.46
2017-10-19,48.3
2017-10-18,48.19
2017-10-17,48.03
2017-10-16,48.01
2017-10-13,48.01
2017-10-12,47.91
2017-10-11,47.85
2017-10-10,47.74
2017-10-09,47.47
2017-10-06,47.4
2017-10-05,47.47
2017-10-04,47.27
2017-10-03,47.15
2017-10-02,47.0
2017-09-29,46.8
2017-09-28,46.77
2017-09-27,46.65
2017-09-26,46.66
2017-09-25,46.72
2017-09-22,46.67
2017-09-21,46.58
2017-09-20,46.76
2017-09-19,46.75
2017-09-18,46.7
2017-09-15,46.94
2017-09-14,46.76
2017-09-13,46.62
2017-09-12,46.52
2017-09-11,46.3
2017-09-08,45.91
2017-09-07,45.98
2017-09-06,45.91
2017-09-05,45.71
2017-09-01,45.91
2017-08-31,45.84
2017-08-30,45.69
2017-08-29,45.6
2017-08-28,45.55
2017-08-25,45.6
2017-08-24,45.47
2017-08-23,45.54
2017-08-22,45.7
2017-08-21,45.44
2017-08-18,45.29
2017-08-17,45.45
2017-08-16,46.09
2017-08-15,45.98
2017-08-14,45.98
2017-08-11,45.64
2017-08-10,45.66
2017-08-09,45.97
2017-08-08,45.95
2017-08-07,46.06
2017-08-04,45.98
2017-08-03,45.92
2017-08-02,45.84
2017-08-01,45.88
2017-07-31,45.85
2017-07-28,45.75
2017-07-27,45.97
2017-07-26,45.6
2017-07-25,45.52
2017-07-24,45.28
2017-07-21,45.56
2017-07-20,45.62
2017-07-19,45.62
2017-07-18,45.47
2017-07-17,45.54
2017-07-14,45.56
2017-07-13,45.3
2017-07-12,45.26
2017-07-11,44.96
2017-07-10,45.0
2017-07-07,45.1
2017-07-06,44.9
2017-07-05,45.24
2017-07-03,45.21
2017-06-30,45.1
2017-06-29,44.96
2017-06-28,45.43
2017-06-27,45.23
2017-06-26,45.54
2017-06-23,45.58
2017-06-22,45.49
2017-06-21,45.54
2017-06-20,45.72
2017-06-19,45.97
2017-06-16,46.05
2017-06-15,45.97
2017-06-14,45.98
2017-06-13,45.92
2017-06-12,45.78
2017-06-09,45.7
2017-06-08,45.6
2017-06-07,45.63
2017-06-06,45.67
2017-06-05,45.8
2017-06-02,45.78
2017-06-01,45.7
2017-05-31,45.47
2017-05-30,45.34
2017-05-26,45.23
2017-05-25,45.25
2017-05-24,44.95
2017-05-23,44.86
2017-05-22,44.89
2017-05-19,44.66
2017-05-18,44.32
2017-05-17,44.27
2017-05-16,44.82
2017-05-15,44.78
2017-05-12,44.54
2017-05-11,44.62
2017-05-10,44.81
2017-05-09,44.78
2017-05-08,44.82
2017-05-05,44.87
2017-05-04,44.71
2017-05-03,44.67
2017-05-02,44.64
2017-05-01,44.62
2017-04-28,44.69
2017-04-27,44.9
2017-04-26,44.87
2017-04-25,44.97
2017-04-24,44.73
2017-04-21,44.34
2017-04-20,44.41
2017-04-19,44.19
2017-04-18,44.37
2017-04-17,44.38
2017-04-13,44.09
2017-04-12,44.36
2017-04-11,44.49
2017-04-10,44.48
2017-04-07,44.48
2017-04-06,44.46
2017-04-05,44.44
2017-04-04,44.56
2017-04-03,44.45
2017-03-31,44.58
2017-03-30,44.62
2017-03-29,44.56
2017-03-28,44.57
2017-03-27,44.34
2017-03-24,44.38
2017-03-23,44.48
2017-03-22,44.54
2017-03-21,44.5
2017-03-20,44.8434
2017-03-17,45.22
2017-03-16,45.19
2017-03-15,45.23
2017-03-14,44.89
2017-03-13,45.03
2017-03-10,45.05
2017-03-09,44.87
2017-03-08,44.85
2017-03-07,44.9
2017-03-06,45.04
2017-03-03,45.11
2017-03-02,45.16
2017-03-01,45.31
2017-02-28,44.84
2017-02-27,45.01
2017-02-24,45.0
2017-02-23,44.88
2017-02-22,44.69
2017-02-21,44.73
2017-02-17,44.49
2017-02-16,44.43
2017-02-15,44.35
2017-02-14,44.1
2017-02-13,44.01
2017-02-10,43.79
2017-02-09,43.69
2017-02-08,43.51
2017-02-07,43.45
2017-02-06,43.36
2017-02-03,43.41
2017-02-02,43.21
2017-02-01,43.16
2017-01-31,43.36
2017-01-30,43.57
2017-01-27,43.81
2017-01-26,43.8
2017-01-25,43.96
2017-01-24,43.67
2017-01-23,43.41
2017-01-20,43.6
2017-01-19,43.37
2017-01-18,43.53
2017-01-17,43.51
2017-01-13,43.51
2017-01-12,43.48
2017-01-11,43.57
2017-01-10,43.45
2017-01-09,43.6
2017-01-06,43.83
2017-01-05,43.83
2017-01-04,43.87
2017-01-03,43.8
2016-12-30,43.57
2016-12-29,43.72
2016-12-28,43.68
2016-12-27,44.01
2016-12-23,43.94
2016-12-22,43.91
2016-12-21,43.95
2016-12-20,44.05
2016-12-19,43.94
2016-12-16,44.23
2016-12-15,44.21
2016-12-14,44.08
2016-12-13,44.53
2016-12-12,44.25
2016-12-09,44.03
2016-12-08,43.79
2016-12-07,43.77
2016-12-06,43.16
2016-12-05,43.04
2016-12-02,42.86
2016-12-01,42.72
2016-11-30,43.01
2016-11-29,43.17
2016-11-28,43.18
2016-11-25,43.24
2016-11-23,43.05
2016-11-22,43.03
2016-11-21,42.81
2016-11-18,42.52
2016-11-17,42.57
2016-11-16,42.53
2016-11-15,42.53
2016-11-14,42.19
2016-11-11,42.25
2016-11-10,42.28
2016-11-09,42.33
2016-11-08,41.95
2016-11-07,41.71
2016-11-04,40.94
2016-11-03,41.1
2016-11-02,41.2163
2016-11-01,41.37
2016-10-31,41.65
2016-10-28,41.6
2016-10-27,41.56
2016-10-26,41.69
2016-10-25,41.62
2016-10-24,41.6
2016-10-21,41.39
2016-10-20,41.25
2016-10-19,41.39
2016-10-18,41.48
2016-10-17,41.45
2016-10-14,41.56
2016-10-13,41.5
2016-10-12,41.63
2016-10-11,41.6
2016-10-10,42.02
2016-10-07,41.96
2016-10-06,42.04
2016-10-05,42.01
2016-10-04,41.83
2016-10-03,42.155
2016-09-30,42.31
2016-09-29,41.97
2016-09-28,42.2
2016-09-27,41.97
2016-09-26,41.65
2016-09-23,41.99
2016-09-22,42.21
2016-09-21,42.01
2016-09-20,41.59
2016-09-19,41.61
2016-09-16,41.86
2016-09-15,41.98
2016-09-14,41.55
2016-09-13,41.6499
2016-09-12,42.23
2016-09-09,41.64
2016-09-08,42.7
2016-09-07,42.79
2016-09-06,42.86
2016-09-02,42.74
2016-09-01,42.56
2016-08-31,42.48
2016-08-30,42.56
2016-08-29,42.72
2016-08-26,42.48
2016-08-25,42.6
2016-08-24,42.62
2016-08-23,42.73
2016-08-22,42.63
2016-08-19,42.68
2016-08-18,42.83
2016-08-17,42.7
2016-08-16,42.63
2016-08-15,42.88
2016-08-12,42.76
2016-08-11,42.79
2016-08-10,42.56
2016-08-09,42.57
2016-08-08,42.55
2016-08-05,42.55
2016-08-04,42.31
2016-08-03,42.24
2016-08-02,42.22
2016-08-01,42.49
2016-07-29,42.62
2016-07-28,42.55
2016-07-27,42.64
2016-07-26,42.87
2016-07-25,42.84
2016-07-22,42.93
2016-07-21,42.68
2016-07-20,42.83
2016-07-19,42.68
2016-07-18,42.67
2016-07-15,42.63
2016-07-14,42.65
2016-07-13,42.48
2016-07-12,42.38
2016-07-11,42.16
2016-07-08,41.97
2016-07-07,41.42
2016-07-06,41.48
2016-07-05,41.34
2016-07-01,41.48
2016-06-30,41.44
2016-06-29,40.74
2016-06-28,40.17
2016-06-27,39.67
2016-06-24,40.2
2016-06-23,41.37
2016-06-22,40.88
2016-06-21,40.98
2016-06-20,40.88
2016-06-17,40.89
2016-06-16,40.98
2016-06-15,40.75
2016-06-14,40.82
2016-06-13,40.8
2016-06-10,41.12
2016-06-09,41.3
2016-06-08,41.28
2016-06-07,41.15
2016-06-06,41.0
2016-06-03,40.77
2016-06-02,40.71
2016-06-01,40.67
2016-05-31,40.58
2016-05-27,40.66
2016-05-26,40.55
2016-05-25,40.5
2016-05-24,40.25
2016-05-23,39.78
2016-05-20,39.82
2016-05-19,39.67
2016-05-18,39.71
2016-05-17,39.95
2016-05-16,40.34
2016-05-13,39.98
2016-05-12,40.39
2016-05-11,40.28
2016-05-10,40.5899
2016-05-09,40.14
2016-05-06,40.14
2016-05-05,39.92
2016-05-04,39.9
2016-05-03,40.05
2016-05-02,40.26
2016-04-29,40.02
2016-04-28,40.27
2016-04-27,40.63
2016-04-26,40.36
2016-04-25,40.3
2016-04-22,40.28
2016-04-21,40.29
2016-04-20,40.55
2016-04-19,40.68
2016-04-18,40.62
2016-04-15,40.35
2016-04-14,40.34
2016-04-13,40.41
2016-04-12,40.24
2016-04-11,39.91
2016-04-08,40.06
2016-04-07,39.91
2016-04-06,40.28
2016-04-05,39.96
2016-04-04,40.15
2016-04-01,40.25
2016-03-31,40.09
2016-03-30,40.165
2016-03-29,40.08
2016-03-28,39.73
2016-03-24,39.715
2016-03-23,39.69
2016-03-22,39.91
2016-03-21,39.99
2016-03-18,40.23
2016-03-17,40.16
2016-03-16,39.81
2016-03-15,39.59
2016-03-14,39.58
2016-03-11,39.65
2016-03-10,39.23
2016-03-09,39.23
2016-03-08,38.96
2016-03-07,39.2
2016-03-04,39.07
2016-03-03,38.92
2016-03-02,38.83
2016-03-01,38.64
2016-02-29,37.96
2016-02-26,38.26
2016-02-25,38.51
2016-02-24,38.08
2016-02-23,37.91
2016-02-22,38.22
2016-02-19,37.8
2016-02-18,37.86
2016-02-17,37.85
2016-02-16,37.31
2016-02-12,36.86
2016-02-11,36.28
2016-02-10,36.66
2016-02-09,36.86
2016-02-08,36.92
2016-02-05,36.99
2016-02-04,37.39
2016-02-03,37.38
2016-02-02,37.06
2016-02-01,37.66
2016-01-29,37.68
2016-01-28,36.84
2016-01-27,36.58
2016-01-26,36.7899
2016-01-25,36.18
2016-01-22,36.58
2016-01-21,35.91
2016-01-20,35.6
2016-01-19,36.15
2016-01-15,36.11
2016-01-14,36.88
2016-01-13,36.27
2016-01-12,36.98
2016-01-11,36.76
2016-01-08,36.69
2016-01-07,37.09
2016-01-06,37.88
2016-01-05,38.34
2016-01-04,38.12
2015-12-31,38.56
2015-12-30,39.0
2015-12-29,39.22
2015-12-28,38.83
2015-12-24,38.94
2015-12-23,39.04
2015-12-22,38.55
2015-12-21,38.15
2015-12-18,38.13
2015-12-17,38.79
2015-12-16,39.34
2015-12-15,38.9
2015-12-14,38.54
2015-12-11,38.25
2015-12-10,38.88
2015-12-09,38.75
2015-12-08,38.87
2015-12-07,39.23
2015-12-04,39.42
2015-12-03,38.72
2015-12-02,39.19
2015-12-01,39.54
2015-11-30,39.21
2015-11-27,39.3
2015-11-25,39.27
2015-11-24,39.32
2015-11-23,39.15
2015-11-20,39.09
2015-11-19,39.07
2015-11-18,38.98
2015-11-17,38.6
2015-11-16,38.58
2015-11-13,37.96
2015-11-12,38.3
2015-11-11,38.84
2015-11-10,38.86
2015-11-09,38.82
2015-11-06,39.24
2015-11-05,39.34
2015-11-04,39.52
2015-11-03,39.65
2015-11-02,39.52
2015-10-30,39.1
2015-10-29,39.26
2015-10-28,39.37
2015-10-27,39.02
2015-10-26,39.17
2015-10-23,39.27
2015-10-22,38.9
2015-10-21,37.97
2015-10-20,38.07
2015-10-19,38.14
2015-10-16,38.2
2015-10-15,37.99
2015-10-14,37.62
2015-10-13,37.75
2015-10-12,37.95
2015-10-09,38.03
2015-10-08,38.03
2015-10-07,37.62
2015-10-06,37.28
2015-10-05,37.19
2015-10-02,36.49
2015-10-01,35.9
2015-09-30,35.95
2015-09-29,35.4
2015-09-28,35.27
2015-09-25,35.84
2015-09-24,35.74
2015-09-23,35.75
2015-09-22,35.84
2015-09-21,36.21
2015-09-18,36.3
2015-09-17,36.89
2015-09-16,36.9
2015-09-15,36.57
2015-09-14,36.07
2015-09-11,36.25
2015-09-10,36.1
2015-09-09,35.99
2015-09-08,36.56
2015-09-04,35.69
2015-09-03,36.27
2015-09-02,36.13
2015-09-01,35.51
2015-08-31,36.51
2015-08-28,36.71
2015-08-27,36.67
2015-08-26,35.89
2015-08-25,34.63
2015-08-24,35.265
2015-08-21,36.59
2015-08-20,37.66
2015-08-19,38.2
2015-08-18,38.56
2015-08-17,38.69
2015-08-14,38.565
2015-08-13,38.43
2015-08-12,38.55
2015-08-11,38.43
2015-08-10,38.69
2015-08-07,38.2
2015-08-06,38.37
2015-08-05,38.6
2015-08-04,38.42
2015-08-03,38.43
2015-07-31,38.56
2015-07-30,38.7
2015-07-29,38.7262
2015-07-28,38.45
2015-07-27,37.9
2015-07-24,38.06
2015-07-23,38.48
2015-07-22,38.65
2015-07-21,38.83
2015-07-20,39.12
2015-07-17,39.14
2015-07-16,39.32
2015-07-15,39.07
2015-07-14,39.19
2015-07-13,39.09
2015-07-10,38.67
2015-07-09,38.28
2015-07-08,38.28
2015-07-07,38.78
2015-07-06,38.4
2015-07-02,38.539
2015-07-01,38.55
2015-06-30,38.29
2015-06-29,38.32
2015-06-26,39.04
2015-06-25,39.05
2015-06-24,39.17
2015-06-23,39.46
2015-06-22,39.53
2015-06-19,39.57
2015-06-18,39.77
2015-06-17,39.38
2015-06-16,39.25
2015-06-15,39.03
2015-06-12,39.28
2015-06-11,39.6
2015-06-10,39.48
2015-06-09,39.06
2015-06-08,39.04
2015-06-05,39.21
2015-06-04,39.44
2015-06-03,39.82
2015-06-02,39.83
2015-06-01,39.88
2015-05-29,39.91
2015-05-28,40.08
2015-05-27,40.11
2015-05-26,39.84
2015-05-22,40.19
2015-05-21,40.39
2015-05-20,40.33
2015-05-19,40.33
2015-05-18,40.43
2015-05-15,40.45
2015-05-14,40.38
2015-05-13,39.95
2015-05-12,39.91
2015-05-11,40.03
2015-05-08,40.21
2015-05-07,39.7
2015-05-06,39.58
2015-05-05,39.74
2015-05-04,40.1
2015-05-01,40.06
2015-04-30,39.71
2015-04-29,40.03
2015-04-28,40.22
2015-04-27,40.03
2015-04-24,40.14
2015-04-23,40.03
2015-04-22,40.03
2015-04-21,39.86
2015-04-20,39.94
2015-04-17,39.516
2015-04-16,39.95
2015-04-15,40.02
2015-04-14,39.8
2015-04-13,39.68
2015-04-10,39.88
2015-04-09,39.71
2015-04-08,39.56
2015-04-07,39.56
2015-04-06,39.57
2015-04-02,39.26
2015-04-01,39.19
2015-03-31,39.41
2015-03-30,39.7
2015-03-27,39.23
2015-03-26,39.09
2015-03-25,39.16
2015-03-24,39.69
2015-03-23,39.95
2015-03-20,40.17
2015-03-19,39.77
2015-03-18,40.02
2015-03-17,39.58
2015-03-16,39.78
2015-03-13,39.33
2015-03-12,39.52
2015-03-11,39.18
2015-03-10,39.3
2015-03-09,39.9
2015-03-06,39.74
2015-03-05,40.38
2015-03-04,40.39
2015-03-03,40.61
2015-03-02,40.82
2015-02-27,40.63
2015-02-26,40.7
2015-02-25,40.77
2015-02-24,40.77
2015-02-23,40.57
2015-02-20,40.65
2015-02-19,40.51
2015-02-18,40.58
2015-02-17,40.67
2015-02-13,40.69
2015-02-12,40.54
2015-02-11,40.22
2015-02-10,40.22
2015-02-09,39.81
2015-02-06,40.0
2015-02-05,40.05
2015-02-04,39.66
2015-02-03,39.76
2015-02-02,39.15
2015-01-30,38.61
2015-01-29,39.24
2015-01-28,38.86
2015-01-27,39.37
2015-01-26,39.98
2015-01-23,39.94
2015-01-22,40.45
2015-01-21,39.98
2015-01-20,39.81
2015-01-16,39.77
2015-01-15,39.24
2015-01-14,39.39
2015-01-13,39.58
2015-01-12,39.67
2015-01-09,39.89
2015-01-08,40.2
2015-01-07,39.47
2015-01-06,39.01
2015-01-05,39.25
2015-01-02,39.81
2014-12-31,39.85
2014-12-30,40.24
2014-12-29,40.42
2014-12-26,40.5
2014-12-24,40.44
2014-12-23,40.49
2014-12-22,40.32
2014-12-19,40.35
2014-12-18,40.24
2014-12-17,39.35
2014-12-16,38.67
2014-12-15,38.82
2014-12-12,38.99
2014-12-11,39.63
2014-12-10,39.47
2014-12-09,40.05
2014-12-08,40.28
2014-12-05,40.58
2014-12-04,40.55
2014-12-03,40.62
2014-12-02,40.57
2014-12-01,40.369
2014-11-28,40.49
2014-11-26,40.48
2014-11-25,40.33
2014-11-24,40.36
2014-11-21,40.46
2014-11-20,40.29
2014-11-19,40.19
2014-11-18,40.15
2014-11-17,40.01
2014-11-14,39.97
2014-11-13,39.96
2014-11-12,39.88
2014-11-11,39.84
2014-11-10,39.83
2014-11-07,39.73
2014-11-06,39.68
2014-11-05,39.51
2014-11-04,39.34
2014-11-03,39.28
2014-10-31,39.32
2014-10-30,38.84
2014-10-29,38.72
2014-10-28,38.66
2014-10-27,38.33
2014-10-24,38.31
2014-10-23,37.96
2014-10-22,37.7
2014-10-21,37.9
2014-10-20,37.38
2014-10-17,37.06
2014-10-16,36.61
2014-10-15,36.73
2014-10-14,36.95
2014-10-13,36.92
2014-10-10,37.44
2014-10-09,37.765
2014-10-08,38.46
2014-10-07,37.87
2014-10-06,38.38
2014-10-03,38.35
2014-10-02,38.0
2014-10-01,38.07
2014-09-30,38.56
2014-09-29,38.69
2014-09-26,38.71
2014-09-25,38.48
2014-09-24,38.98
2014-09-23,38.67
2014-09-22,38.94
2014-09-19,39.41
2014-09-18,39.28
2014-09-17,39.08
2014-09-16,39.03
2014-09-15,38.75
2014-09-12,38.62
2014-09-11,38.86
2014-09-10,38.83
2014-09-09,38.75
2014-09-08,38.929
2014-09-05,39.05
2014-09-04,38.87
2014-09-03,38.84
2014-09-02,38.78
2014-08-29,38.9
2014-08-28,38.81
2014-08-27,38.82
2014-08-26,38.79
2014-08-25,38.77
2014-08-22,38.64
2014-08-21,38.76
2014-08-20,38.64
2014-08-19,38.51
2014-08-18,38.34
2014-08-15,38.08
2014-08-14,38.06
2014-08-13,37.95
2014-08-12,37.72
2014-08-11,37.74
2014-08-08,37.66
2014-08-07,37.26
2014-08-06,37.43
2014-08-05,37.36
2014-08-04,37.71
2014-08-01,37.52
2014-07-31,37.61
2014-07-30,38.329
2014-07-29,38.49
2014-07-28,38.658
2014-07-25,38.72
2014-07-24,38.87
2014-07-23,38.89
2014-07-22,38.89
2014-07-21,38.82
2014-07-18,38.87
2014-07-17,38.6
2014-07-16,39.0
2014-07-15,38.68
2014-07-14,38.73
2014-07-11,38.56
2014-07-10,38.55
2014-07-09,38.61
2014-07-08,38.5
2014-07-07,38.64
2014-07-03,38.7
2014-07-02,38.51
2014-07-01,38.45
2014-06-30,38.27
2014-06-27,38.38
2014-06-26,38.32
2014-06-25,38.4
2014-06-24,38.3
2014-06-23,38.53
2014-06-20,38.84
2014-06-19,38.73
2014-06-18,38.62
2014-06-17,38.37
2014-06-16,38.35
2014-06-13,38.17
2014-06-12,37.97
2014-06-11,38.19
2014-06-10,38.35
2014-06-09,38.33
2014-06-06,38.27
2014-06-05,38.16
2014-06-04,37.92
2014-06-03,37.94
2014-06-02,38.01
2014-05-30,38.016
2014-05-29,37.86
2014-05-28,37.7
2014-05-27,37.71
2014-05-23,37.62
2014-05-22,37.54
2014-05-21,37.52
2014-05-20,37.24
2014-05-19,37.44
2014-05-16,37.45
2014-05-15,37.32
2014-05-14,37.679
2014-05-13,37.8
2014-05-12,37.74
2014-05-09,37.56
2014-05-08,37.48
2014-05-07,37.46
2014-05-06,37.16
2014-05-05,37.39
2014-05-02,37.4
2014-05-01,37.39
2014-04-30,37.52
2014-04-29,37.44
2014-04-28,37.43
2014-04-25,37.06
2014-04-24,37.2
2014-04-23,37.27
2014-04-22,37.35
2014-04-21,37.36
2014-04-17,37.27
2014-04-16,37.07
2014-04-15,36.75
2014-04-14,36.48
2014-04-11,36.25
2014-04-10,36.48
2014-04-09,37.0
2014-04-08,36.74
2014-04-07,36.61
2014-04-04,36.82
2014-04-03,37.11
2014-04-02,37.07
2014-04-01,36.95
2014-03-31,36.85
2014-03-28,36.6
2014-03-27,36.39
2014-03-26,36.35
2014-03-25,36.49
2014-03-24,36.25
2014-03-21,36.53
2014-03-20,36.58
2014-03-19,36.41
2014-03-18,36.64
2014-03-17,36.46
2014-03-14,36.139
2014-03-13,36.17
2014-03-12,36.56
2014-03-11,36.5
2014-03-10,36.61
2014-03-07,36.63
2014-03-06,36.53
2014-03-05,36.52
2014-03-04,36.63
2014-03-03,36.13
2014-02-28,36.39
2014-02-27,36.22
2014-02-26,36.04
2014-02-25,36.04
2014-02-24,36.0
2014-02-21,35.81
2014-02-20,35.9
2014-02-19,35.63
2014-02-18,35.81
2014-02-14,35.91
2014-02-13,35.65
2014-02-12,35.52
2014-02-11,35.504
2014-02-10,35.11
2014-02-07,35.0343
2014-02-06,34.61
2014-02-05,34.26
2014-02-04,34.265
2014-02-03,34.21
2014-01-31,35.03
2014-01-30,35.22
2014-01-29,35.08
2014-01-28,35.45
2014-01-27,35.24
2014-01-24,35.341
2014-01-23,35.96
2014-01-22,36.325
2014-01-21,36.27
2014-01-17,36.24
2014-01-16,36.42
2014-01-15,36.41
2014-01-14,36.3299
2014-01-13,36.02
2014-01-10,36.46
2014-01-09,36.35
2014-01-08,36.2883
2014-01-07,36.421
2014-01-06,36.22
2014-01-03,36.35
2014-01-02,36.3
2013-12-31,36.66
2013-12-30,36.56
2013-12-27,36.55
2013-12-26,36.54
2013-12-24,36.28
2013-12-23,36.16
2013-12-20,36.37
2013-12-19,36.164
2013-12-18,36.2
2013-12-17,35.612
2013-12-16,35.7
2013-12-13,35.52
2013-12-12,35.54
2013-12-11,35.795
2013-12-10,36.09
2013-12-09,36.298
2013-12-06,36.26
2013-12-05,35.75
2013-12-04,35.9
2013-12-03,36.01
2013-12-02,36.06
2013-11-29,36.23
2013-11-27,36.26
2013-11-26,36.22
2013-11-25,36.29
2013-11-22,36.35
2013-11-21,36.2
2013-11-20,35.992
2013-11-19,36.11
2013-11-18,36.16
2013-11-15,36.229
2013-11-14,36.13
2013-11-13,35.9
2013-11-12,35.69
2013-11-11,35.74
2013-11-08,35.74
2013-11-07,35.42
2013-11-06,35.83
2013-11-05,35.49
2013-11-04,35.52
2013-11-01,35.4
2013-10-31,35.33
2013-10-30,35.34
2013-10-29,35.58
2013-10-28,35.319
2013-10-25,35.14
2013-10-24,34.914
2013-10-23,34.786
2013-10-22,34.83
2013-10-21,34.58
2013-10-18,34.6288
2013-10-17,34.62
2013-10-16,34.33
2013-10-15,33.94
2013-10-14,34.19
2013-10-11,34.06
2013-10-10,33.842
2013-10-09,33.14
2013-10-08,33.12
2013-10-07,33.36
2013-10-04,33.548
2013-10-03,33.41
2013-10-02,33.7
2013-10-01,33.81
2013-09-30,33.65
2013-09-27,33.85
2013-09-26,34.04
2013-09-25,33.95
2013-09-24,34.13
2013-09-23,34.21
2013-09-20,34.57
2013-09-19,34.88
2013-09-18,34.86
2013-09-17,34.46
2013-09-16,34.34
2013-09-13,34.08
2013-09-12,33.87
2013-09-11,33.94
2013-09-10,33.78
2013-09-09,33.52
2013-09-06,33.22
2013-09-05,33.22
2013-09-04,33.24
2013-09-03,32.98
2013-08-30,32.99
2013-08-29,33.06
2013-08-28,33.05
2013-08-27,32.94
2013-08-26,33.354
2013-08-23,33.55
2013-08-22,33.29
2013-08-21,33.05
2013-08-20,33.289
2013-08-19,33.28
2013-08-16,33.39
2013-08-15,33.49
2013-08-14,34.01
2013-08-13,34.25
2013-08-12,34.18
2013-08-09,34.27
2013-08-08,34.4
2013-08-07,34.29
2013-08-06,34.37
2013-08-05,34.45
2013-08-02,34.51
2013-08-01,34.49
2013-07-31,34.202
2013-07-30,34.18
2013-07-29,34.13
2013-07-26,34.22
2013-07-25,34.19
2013-07-24,34.16
2013-07-23,34.27
2013-07-22,34.22
2013-07-19,34.23
2013-07-18,34.24
2013-07-17,34.16
2013-07-16,34.09
2013-07-15,34.21
2013-07-12,34.1
2013-07-11,34.1
2013-07-10,33.61
2013-07-09,33.59
2013-07-08,33.32
2013-07-05,33.1
2013-07-03,32.848
2013-07-02,32.85
2013-07-01,32.9
2013-06-28,32.7
2013-06-27,32.88
2013-06-26,32.76
2013-06-25,32.36
2013-06-24,32.19
2013-06-21,32.68
2013-06-20,32.47
2013-06-19,33.28
2013-06-18,33.79
2013-06-17,33.56
2013-06-14,33.32
2013-06-13,33.448
2013-06-12,33.08
2013-06-11,33.33
2013-06-10,33.57
2013-06-07,33.58
2013-06-06,33.13
2013-06-05,32.94
2013-06-04,33.36
2013-06-03,33.52
2013-05-31,33.2
2013-05-30,33.66
2013-05-29,33.61
2013-05-28,34.01
2013-05-24,33.82
2013-05-23,33.75
2013-05-22,33.84
2013-05-21,34.02
2013-05-20,33.94
2013-05-17,33.97
2013-05-16,33.67
2013-05-15,33.89
2013-05-14,33.63
2013-05-13,33.28
2013-05-10,33.25
2013-05-09,33.17
2013-05-08,33.212
2013-05-07,33.192
2013-05-06,33.05
2013-05-03,33.08
2013-05-02,32.8
2013-05-01,32.51
2013-04-30,32.74
2013-04-29,32.69
2013-04-26,32.49
2013-04-25,32.51
2013-04-24,32.456
2013-04-23,32.54
2013-04-22,32.27
2013-04-19,32.1
2013-04-18,31.71
2013-04-17,31.78
2013-04-16,32.03
2013-04-15,31.63
2013-04-12,32.24
2013-04-11,32.25
2013-04-10,32.2
2013-04-09,31.91
2013-04-08,31.75
2013-04-05,31.58
2013-04-04,31.7
2013-04-03,31.59
2013-04-02,31.85
2013-04-01,31.72
2013-03-28,31.79
2013-03-27,31.66
2013-03-26,31.6599
2013-03-25,31.37
2013-03-22,31.48
2013-03-21,31.22
2013-03-20,31.36
2013-03-19,31.12
2013-03-18,31.05
2013-03-15,31.37
2013-03-14,31.44
2013-03-13,31.35
2013-03-12,31.28
2013-03-11,31.29
2013-03-08,31.2
2013-03-07,31.07
2013-03-06,31.05
2013-03-05,31.02
2013-03-04,30.8
2013-03-01,30.65
2013-02-28,30.54
2013-02-27,30.61
2013-02-26,30.29
2013-02-25,30.08
2013-02-22,30.48
2013-02-21,30.26
2013-02-20,30.33
2013-02-19,30.53
2013-02-15,30.32
2013-02-14,30.29
2013-02-13,30.27
2013-02-12,30.29
2013-02-11,30.24
2013-02-08,30.25
2013-02-07,30.18
2013-02-06,30.19
2013-02-05,30.14
2013-02-04,29.91
2013-02-01,30.2
2013-01-31,29.91
2013-01-30,30.05
2013-01-29,30.17
2013-01-28,30.0
2013-01-25,30.0
2013-01-24,29.87
2013-01-23,29.75
2013-01-22,29.71
2013-01-18,29.65
2013-01-17,29.6
2013-01-16,29.31
2013-01-15,29.35
2013-01-14,29.29
2013-01-11,29.21
2013-01-10,29.19
2013-01-09,29.01
2013-01-08,28.88
2013-01-07,28.98
2013-01-04,29.078
2013-01-03,28.934
2013-01-02,28.95
2012-12-31,28.34
2012-12-28,27.96
2012-12-27,28.29
2012-12-26,28.32
2012-12-24,28.458
2012-12-21,28.83
2012-12-20,29.04
2012-12-19,28.91
2012-12-18,29.0968
2012-12-17,28.86
2012-12-14,28.68
2012-12-13,28.71
2012-12-12,28.86
2012-12-11,28.92
2012-12-10,28.78
2012-12-07,28.76
2012-12-06,28.62
2012-12-05,28.5
2012-12-04,28.41
2012-12-03,28.4057
2012-11-30,28.614
2012-11-29,28.51
2012-11-28,28.45
2012-11-27,28.23
2012-11-26,28.31
2012-11-23,28.37
2012-11-21,28.02
2012-11-20,27.96
2012-11-19,27.94
2012-11-16,27.57
2012-11-15,27.436
2012-11-14,27.54
2012-11-13,27.876
2012-11-12,27.9
2012-11-09,27.889
2012-11-08,27.855
2012-11-07,28.18
2012-11-06,28.67
2012-11-05,28.449
2012-11-02,28.44
2012-11-01,28.69
2012-10-31,28.48
2012-10-26,28.44
2012-10-25,28.5
2012-10-24,28.359
2012-10-23,28.43
2012-10-22,28.82
2012-10-19,28.86
2012-10-18,29.26
2012-10-17,29.23
2012-10-16,29.15
2012-10-15,28.91
2012-10-12,28.64
2012-10-11,28.66
2012-10-10,28.6599
2012-10-09,28.912
2012-10-08,29.13
2012-10-05,29.168
2012-10-04,29.03
2012-10-03,28.88
2012-10-02,28.82
2012-10-01,28.85
2012-09-28,28.75
2012-09-27,28.869
2012-09-26,28.724
2012-09-25,28.82
2012-09-24,29.01
2012-09-21,28.96
2012-09-20,28.96
2012-09-19,28.95
2012-09-18,28.96
2012-09-17,28.95
2012-09-14,29.18
2012-09-13,29.148
2012-09-12,28.78
2012-09-11,28.828
2012-09-10,28.77
2012-09-07,28.91
2012-09-06,28.95
2012-09-05,28.48
2012-09-04,28.52
2012-08-31,28.61
2012-08-30,28.466
2012-08-29,28.612
2012-08-28,28.651
2012-08-27,28.64
2012-08-24,28.647
2012-08-23,28.448
2012-08-22,28.62
2012-08-21,28.7
2012-08-20,28.82
2012-08-17,28.84
2012-08-16,28.84
2012-08-15,28.72
2012-08-14,28.71
2012-08-13,28.635
2012-08-10,28.68
2012-08-09,28.58
2012-08-08,28.62
2012-08-07,28.56
2012-08-06,28.51
2012-08-03,28.55
2012-08-02,28.13
2012-08-01,28.39
2012-07-31,28.44
2012-07-30,28.556
2012-07-27,28.51
2012-07-26,28.13
2012-07-25,27.69
2012-07-24,27.61
2012-07-23,27.85
2012-07-20,28.1
2012-07-19,28.31
2012-07-18,28.21
2012-07-17,28.0
2012-07-16,27.81
2012-07-13,27.859
2012-07-12,27.487
2012-07-11,27.52
2012-07-10,27.55
2012-07-09,27.642
2012-07-06,27.68
2012-07-05,27.85
2012-07-03,27.9
2012-07-02,27.764
2012-06-29,27.76
2012-06-28,27.16
2012-06-27,27.169
2012-06-26,26.95
2012-06-25,26.84
2012-06-22,27.17
2012-06-21,27.026
2012-06-20,27.47
2012-06-19,27.6
2012-06-18,27.418
2012-06-15,27.59
2012-06-14,27.38
2012-06-13,27.1
2012-06-12,27.224
2012-06-11,26.96
2012-06-08,27.15
2012-06-07,26.988
2012-06-06,26.84
2012-06-05,26.37
2012-06-04,26.29
2012-06-01,26.29
2012-05-31,26.8
2012-05-30,26.81
2012-05-29,27.12
2012-05-25,26.888
2012-05-24,27.0
2012-05-23,26.82
2012-05-22,26.85
2012-05-21,26.83
2012-05-18,26.57
2012-05-17,26.77
2012-05-16,27.08
2012-05-15,27.08
2012-05-14,27.17
2012-05-11,27.36
2012-05-10,27.3614
2012-05-09,27.27
2012-05-08,27.49
2012-05-07,27.56
2012-05-04,27.57
2012-05-03,27.87
2012-05-02,27.95
2012-05-01,27.99
2012-04-30,27.86
2012-04-27,27.92
2012-04-26,27.89
2012-04-25,27.72
2012-04-24,27.456
2012-04-23,27.39
2012-04-20,27.64
2012-04-19,27.51
2012-04-18,27.64
2012-04-17,27.71
2012-04-16,27.41
2012-04-13,27.29
2012-04-12,27.5
2012-04-11,27.24
2012-04-10,27.07
2012-04-09,27.46
2012-04-05,27.746
2012-04-04,27.79
2012-04-03,27.94
2012-04-02,28.07
2012-03-30,27.89
2012-03-29,27.8
2012-03-28,27.75
2012-03-27,27.88
2012-03-26,27.9
2012-03-23,27.58
2012-03-22,27.52
2012-03-21,27.65
2012-03-20,27.69
2012-03-19,27.78
2012-03-16,27.864
2012-03-15,27.86
2012-03-14,27.78
2012-03-13,27.841
2012-03-12,27.52
2012-03-09,27.398
2012-03-08,27.34
2012-03-07,27.17
2012-03-06,27.03
2012-03-05,27.35
2012-03-02,27.378
2012-03-01,27.44
2012-02-29,27.37
2012-02-28,27.47
2012-02-27,27.38
2012-02-24,27.37
2012-02-23,27.3
2012-02-22,27.19
2012-02-21,27.2299
2012-02-17,27.31
2012-02-16,27.141
2012-02-15,26.92
2012-02-14,27.06
2012-02-13,27.06
2012-02-10,26.94
2012-02-09,27.09
2012-02-08,27.1
2012-02-07,27.1
2012-02-06,27.05
2012-02-03,27.07
2012-02-02,26.79
2012-02-01,26.78
2012-01-31,26.61
2012-01-30,26.66
2012-01-27,26.7499
2012-01-26,26.87
2012-01-25,26.968
2012-01-24,26.81
2012-01-23,26.84
2012-01-20,26.842
2012-01-19,26.79
2012-01-18,26.679
2012-01-17,26.45
2012-01-13,26.3
2012-01-12,26.44
2012-01-11,26.419
2012-01-10,26.52
2012-01-09,26.34
2012-01-06,26.28
2012-01-05,26.4
2012-01-04,26.42
2012-01-03,26.418
2011-12-30,26.18
2011-12-29,26.33
2011-12-28,26.08
2011-12-27,26.36
2011-12-23,26.28
2011-12-22,26.05
2011-12-21,25.928
2011-12-20,25.83
2011-12-19,25.2
2011-12-16,25.5
2011-12-15,25.488
2011-12-14,25.38
2011-12-13,25.58
2011-12-12,25.76
2011-12-09,26.098
2011-12-08,25.75
2011-12-07,26.177
2011-12-06,26.088
2011-12-05,26.009
2011-12-02,25.82
2011-12-01,25.878
2011-11-30,25.92
2011-11-29,24.99
2011-11-28,24.819
2011-11-25,24.25
2011-11-23,24.289
2011-11-22,24.72
2011-11-21,24.81
2011-11-18,25.277
2011-11-17,25.1816
2011-11-16,25.49
2011-11-15,25.87
2011-11-14,25.77
2011-11-11,25.95
2011-11-10,25.48
2011-11-09,25.23
2011-11-08,26.009
2011-11-07,25.688
2011-11-04,25.54
2011-11-03,25.65
2011-11-02,25.25
2011-11-01,24.917
2011-10-31,25.5
2011-10-28,26.01
2011-10-27,25.86
2011-10-26,25.447
2011-10-25,25.187
2011-10-24,25.607
2011-10-21,25.47
2011-10-20,24.98
